0.022, 0.000, 0.000, 0.000
0.038, 0.000, 0.000, 0.000
0.055, 0.000, 0.000, 0.000
0.072, 0.000, 0.000, 0.000
0.088, 0.000, 0.000, 0.000
0.105, 0.000, 0.000, 0.000
0.122, 0.000, 0.000, 0.000
0.138, 0.000, 0.000, 0.000
0.155, 0.000, 0.000, 0.000
0.172, 0.000, 0.000, 0.000
0.188, 0.000, 0.000, 0.000
0.205, 0.000, 0.000, 0.000
0.222, 0.000, 0.000, 0.000
0.238, 0.000, 0.000, 0.000
0.255, 0.000, 0.000, 0.000
0.272, 0.000, 0.000, 0.000
0.288, 0.000, 0.000, 0.000
0.305, 0.000, 0.000, 0.000
0.322, 0.000, 0.000, 0.000
0.338, 0.000, 0.000, 0.000
0.355, 0.000, 0.000, 0.000
0.372, 0.000, 0.000, 0.000
0.388, 0.000, 0.000, 0.000
0.405, 0.000, 0.000, 0.000
0.422, 0.000, 0.000, 0.000
0.438, 0.000, 0.000, 0.000
0.455, 0.000, 0.000, 0.000
0.472, 0.000, 0.000, 0.000
0.488, 0.000, 0.000, 0.000
0.505, 0.000, 0.000, 0.000
0.522, 0.000, 0.000, 0.000
0.538, 0.000, 0.000, 0.000
0.555, 0.000, 0.000, 0.000
0.572, 0.000, 0.000, 0.000
0.589, -0.146, 0.254, 0.033
0.605, -0.146, 0.254, 0.033
0.622, -0.146, 0.254, 0.033
0.639, -0.146, 0.254, 0.033
0.655, -0.146, 0.253, 0.033
0.672, -0.146, 0.254, 0.033
0.689, -0.146, 0.253, 0.033
0.705, -0.146, 0.254, 0.033
0.722, -0.146, 0.253, 0.033
0.739, -0.146, 0.253, 0.033
0.755, -0.146, 0.253, 0.033
0.772, -0.146, 0.254, 0.033
0.789, -0.146, 0.254, 0.033
0.805, -0.146, 0.254, 0.033
0.822, -0.146, 0.254, 0.033
0.838, -0.146, 0.253, 0.033
0.855, -0.146, 0.254, 0.033
0.872, -0.146, 0.254, 0.033
0.889, -0.146, 0.254, 0.033
0.905, -0.146, 0.254, 0.033
0.922, -0.146, 0.253, 0.033
0.939, -0.146, 0.254, 0.033
0.955, -0.146, 0.254, 0.033
0.972, -0.146, 0.254, 0.033
0.989, -0.146, 0.254, 0.033
1.005, -0.146, 0.253, 0.033
1.022, -0.146, 0.253, 0.033
1.039, -0.146, 0.253, 0.033
1.055, -0.146, 0.254, 0.033
1.072, -0.146, 0.254, 0.033
1.089, -0.146, 0.254, 0.033
1.105, -0.146, 0.254, 0.033
1.122, -0.146, 0.254, 0.033
1.139, -0.146, 0.254, 0.033
1.155, -0.146, 0.253, 0.033
1.172, -0.146, 0.253, 0.033
1.189, -0.146, 0.254, 0.033
1.205, -0.146, 0.253, 0.033
1.222, -0.146, 0.253, 0.033
1.239, -0.146, 0.254, 0.033
1.255, -0.146, 0.254, 0.033
1.272, -0.146, 0.254, 0.033
1.289, -0.146, 0.253, 0.033
1.305, -0.146, 0.253, 0.033
1.322, -0.146, 0.254, 0.033
1.338, -0.146, 0.253, 0.033
1.355, -0.146, 0.254, 0.033
1.372, -0.146, 0.254, 0.033
1.389, -0.146, 0.254, 0.033
1.405, -0.146, 0.254, 0.033
1.422, -0.146, 0.254, 0.033
1.439, -0.146, 0.254, 0.033
1.455, -0.146, 0.253, 0.033
1.472, -0.146, 0.254, 0.033
1.489, -0.146, 0.253, 0.033
1.505, -0.146, 0.254, 0.033
1.522, -0.146, 0.254, 0.033
1.538, -0.146, 0.254, 0.033
1.555, -0.146, 0.254, 0.033
1.572, -0.146, 0.254, 0.033
1.589, -0.146, 0.254, 0.033
1.605, -0.146, 0.254, 0.033
1.622, -0.146, 0.254, 0.033
1.638, -0.146, 0.254, 0.033
1.655, -0.146, 0.254, 0.033
1.672, -0.146, 0.254, 0.033
1.689, -0.146, 0.253, 0.033
1.705, -0.146, 0.254, 0.033
1.722, -0.146, 0.254, 0.033
1.738, -0.146, 0.254, 0.033
1.755, -0.146, 0.254, 0.033
1.772, -0.146, 0.254, 0.033
1.789, -0.146, 0.254, 0.033
1.805, -0.146, 0.254, 0.033
1.822, -0.146, 0.253, 0.033
1.839, -0.146, 0.254, 0.033
1.857, -0.146, 0.254, 0.033
1.872, -0.146, 0.253, 0.033
1.889, -0.146, 0.254, 0.033
1.905, -0.146, 0.253, 0.033
1.922, -0.146, 0.254, 0.033
1.938, -0.146, 0.254, 0.033
1.955, -0.146, 0.253, 0.033
1.972, -0.146, 0.254, 0.033
1.989, -0.146, 0.254, 0.033
2.005, -0.146, 0.253, 0.033
2.022, -0.146, 0.253, 0.033
2.038, -0.146, 0.254, 0.033
2.055, -0.146, 0.253, 0.033
2.072, -0.146, 0.254, 0.033
2.089, -0.146, 0.254, 0.033
2.105, -0.146, 0.254, 0.033
2.122, -0.146, 0.254, 0.033
2.139, -0.146, 0.253, 0.033
2.155, -0.146, 0.254, 0.033
2.172, -0.146, 0.254, 0.033
2.189, -0.146, 0.253, 0.033
2.205, -0.146, 0.254, 0.033
2.222, -0.146, 0.254, 0.033
2.239, -0.146, 0.253, 0.033
2.255, -0.146, 0.253, 0.033
2.272, -0.146, 0.254, 0.033
2.289, -0.146, 0.253, 0.033
2.305, -0.146, 0.254, 0.033
2.322, -0.146, 0.254, 0.033
2.339, -0.146, 0.253, 0.033
2.355, -0.146, 0.254, 0.033
2.372, -0.146, 0.254, 0.033
2.389, -0.146, 0.253, 0.033
2.405, -0.146, 0.254, 0.033
2.422, -0.146, 0.254, 0.033
2.439, -0.146, 0.254, 0.033
2.455, -0.146, 0.254, 0.033
2.472, -0.146, 0.254, 0.033
2.488, -0.146, 0.253, 0.033
2.505, -0.146, 0.254, 0.033
2.522, -0.146, 0.253, 0.033
2.539, -0.146, 0.254, 0.033
2.555, -0.146, 0.253, 0.033
2.572, -0.146, 0.253, 0.033
2.589, -0.146, 0.254, 0.033
2.605, -0.146, 0.253, 0.033
2.622, -0.146, 0.253, 0.033
2.639, -0.146, 0.254, 0.033
2.655, -0.146, 0.253, 0.033
2.672, -0.146, 0.254, 0.033
2.689, -0.146, 0.254, 0.033
2.705, -0.146, 0.254, 0.033
2.722, -0.146, 0.253, 0.033
2.739, -0.146, 0.254, 0.033
2.755, -0.146, 0.254, 0.033
2.772, -0.146, 0.254, 0.033
2.789, -0.146, 0.254, 0.033
2.805, -0.146, 0.253, 0.033
2.822, -0.146, 0.254, 0.033
2.839, -0.146, 0.254, 0.033
2.855, -0.146, 0.254, 0.033
2.872, -0.146, 0.254, 0.033
2.888, -0.146, 0.254, 0.033
2.905, -0.146, 0.254, 0.033
2.922, -0.146, 0.254, 0.033
2.939, -0.146, 0.254, 0.033
2.955, -0.146, 0.254, 0.033
2.972, -0.146, 0.254, 0.033
2.989, -0.146, 0.254, 0.033
3.005, -0.146, 0.253, 0.033
3.022, -0.146, 0.254, 0.033
3.039, -0.146, 0.253, 0.033
3.055, -0.146, 0.254, 0.033
3.072, -0.146, 0.254, 0.033
3.088, -0.146, 0.254, 0.033
3.105, -0.146, 0.253, 0.033
3.122, -0.146, 0.254, 0.033
3.139, -0.146, 0.254, 0.033
3.155, -0.146, 0.254, 0.033
3.172, -0.146, 0.254, 0.033
3.189, -0.146, 0.253, 0.033
3.205, -0.146, 0.254, 0.033
3.222, -0.146, 0.254, 0.033
3.239, -0.146, 0.254, 0.033
3.255, -0.146, 0.254, 0.033
3.272, -0.146, 0.254, 0.033
3.289, -0.146, 0.254, 0.033
3.305, -0.146, 0.254, 0.033
3.322, -0.146, 0.254, 0.033
3.339, -0.146, 0.254, 0.033
3.355, -0.146, 0.254, 0.033
3.372, -0.146, 0.254, 0.033
3.389, -0.146, 0.254, 0.033
3.405, -0.146, 0.254, 0.033
3.422, -0.146, 0.254, 0.033
3.439, -0.146, 0.254, 0.033
3.455, -0.146, 0.254, 0.033
3.472, -0.146, 0.254, 0.033
3.489, -0.145, 0.254, 0.033
3.505, -0.146, 0.254, 0.033
3.522, -0.145, 0.254, 0.033
3.539, -0.145, 0.254, 0.033
3.555, -0.145, 0.254, 0.033
3.572, -0.145, 0.254, 0.033
3.589, -0.145, 0.254, 0.033
3.605, -0.145, 0.254, 0.033
3.622, -0.145, 0.254, 0.033
3.639, -0.145, 0.254, 0.033
3.655, -0.145, 0.254, 0.033
3.672, -0.145, 0.254, 0.033
3.689, -0.145, 0.254, 0.033
3.705, -0.145, 0.254, 0.033
3.722, -0.145, 0.254, 0.033
3.739, -0.145, 0.254, 0.033
3.755, -0.145, 0.254, 0.033
3.772, -0.145, 0.254, 0.033
3.789, -0.145, 0.254, 0.033
3.805, -0.145, 0.254, 0.033
3.822, -0.145, 0.254, 0.033
3.839, -0.145, 0.254, 0.033
3.855, -0.145, 0.254, 0.033
3.872, -0.145, 0.254, 0.033
3.889, -0.145, 0.254, 0.033
3.905, -0.145, 0.254, 0.033
3.922, -0.145, 0.254, 0.033
3.939, -0.145, 0.254, 0.033
3.955, -0.145, 0.254, 0.033
3.972, -0.145, 0.254, 0.033
3.989, -0.145, 0.254, 0.033
4.005, -0.145, 0.254, 0.033
4.022, -0.145, 0.254, 0.033
4.038, -0.145, 0.253, 0.033
4.055, -0.145, 0.254, 0.033
4.072, -0.145, 0.253, 0.033
4.089, -0.145, 0.253, 0.033
4.105, -0.145, 0.252, 0.034
4.122, -0.145, 0.253, 0.033
4.138, -0.145, 0.254, 0.034
4.155, -0.145, 0.252, 0.034
4.172, -0.145, 0.253, 0.033
4.189, -0.145, 0.252, 0.034
4.205, -0.145, 0.252, 0.034
4.222, -0.145, 0.253, 0.033
4.239, -0.145, 0.253, 0.034
4.255, -0.145, 0.254, 0.033
4.272, -0.145, 0.254, 0.033
4.289, -0.145, 0.254, 0.034
4.305, -0.145, 0.254, 0.033
4.322, -0.145, 0.253, 0.032
4.339, -0.145, 0.253, 0.032
4.355, -0.145, 0.253, 0.032
4.372, -0.145, 0.253, 0.032
4.389, -0.145, 0.253, 0.032
4.405, -0.145, 0.253, 0.033
4.422, -0.145, 0.253, 0.033
4.439, -0.145, 0.253, 0.033
4.455, -0.145, 0.253, 0.033
4.472, -0.145, 0.253, 0.033
4.489, -0.145, 0.253, 0.033
4.505, -0.145, 0.253, 0.033
4.522, -0.145, 0.253, 0.033
4.539, -0.145, 0.254, 0.033
4.555, -0.145, 0.254, 0.033
4.572, -0.145, 0.253, 0.033
4.589, -0.145, 0.253, 0.033
4.605, -0.145, 0.253, 0.033
4.622, -0.145, 0.253, 0.033
4.639, -0.145, 0.253, 0.033
4.655, -0.145, 0.253, 0.033
4.672, -0.145, 0.253, 0.033
4.689, -0.145, 0.254, 0.033
4.705, -0.145, 0.254, 0.033
4.722, -0.145, 0.254, 0.034
4.739, -0.145, 0.254, 0.034
4.755, -0.145, 0.254, 0.033
4.772, -0.145, 0.253, 0.033
4.789, -0.145, 0.253, 0.033
4.805, -0.144, 0.254, 0.034
4.822, -0.145, 0.254, 0.033
4.839, -0.145, 0.254, 0.033
4.855, -0.145, 0.253, 0.033
4.872, -0.145, 0.253, 0.033
4.889, -0.145, 0.253, 0.033
4.905, -0.145, 0.253, 0.033
4.922, -0.145, 0.253, 0.033
4.939, -0.145, 0.254, 0.034
4.955, -0.144, 0.253, 0.033
4.972, -0.144, 0.253, 0.033
4.989, -0.144, 0.253, 0.033
5.005, -0.144, 0.253, 0.033
5.022, -0.144, 0.253, 0.033
5.039, -0.143, 0.253, 0.034
5.055, -0.143, 0.253, 0.034
5.072, -0.143, 0.253, 0.034
5.089, -0.143, 0.253, 0.035
5.105, -0.142, 0.253, 0.034
5.122, -0.142, 0.253, 0.034
5.139, -0.142, 0.253, 0.034
5.155, -0.142, 0.252, 0.034
5.172, -0.141, 0.253, 0.034
5.189, -0.140, 0.253, 0.035
5.205, -0.139, 0.252, 0.035
5.222, -0.138, 0.252, 0.035
5.239, -0.137, 0.252, 0.036
5.255, -0.136, 0.252, 0.036
5.272, -0.136, 0.252, 0.037
5.289, -0.133, 0.251, 0.037
5.305, -0.132, 0.251, 0.038
5.322, -0.130, 0.251, 0.038
5.338, -0.127, 0.250, 0.039
5.355, -0.126, 0.251, 0.039
5.372, -0.124, 0.250, 0.039
5.389, -0.121, 0.250, 0.040
5.405, -0.118, 0.249, 0.040
5.422, -0.117, 0.249, 0.041
5.439, -0.112, 0.248, 0.042
5.455, -0.109, 0.248, 0.042
5.472, -0.108, 0.247, 0.043
5.489, -0.102, 0.247, 0.045
5.505, -0.098, 0.246, 0.046
5.522, -0.097, 0.246, 0.047
5.539, -0.090, 0.244, 0.048
5.555, -0.086, 0.244, 0.050
5.572, -0.084, 0.243, 0.050
5.589, -0.077, 0.243, 0.053
5.605, -0.072, 0.242, 0.056
5.622, -0.069, 0.241, 0.057
5.639, -0.061, 0.241, 0.060
5.655, -0.056, 0.240, 0.063
5.672, -0.053, 0.240, 0.064
5.689, -0.045, 0.238, 0.069
5.705, -0.039, 0.238, 0.073
5.722, -0.036, 0.237, 0.074
5.739, -0.027, 0.236, 0.080
5.755, -0.021, 0.236, 0.084
5.772, -0.018, 0.235, 0.086
5.789, -0.007, 0.234, 0.093
5.805, -0.001, 0.233, 0.098
5.822, 0.002, 0.233, 0.100
5.838, 0.012, 0.232, 0.107
5.855, 0.019, 0.231, 0.112
5.872, 0.022, 0.231, 0.115
5.888, 0.033, 0.229, 0.123
5.905, 0.039, 0.228, 0.128
5.922, 0.042, 0.228, 0.131
5.938, 0.052, 0.226, 0.139
5.955, 0.058, 0.225, 0.144
5.972, 0.061, 0.225, 0.147
5.989, 0.070, 0.223, 0.156
6.005, 0.076, 0.222, 0.162
6.022, 0.079, 0.221, 0.165
6.038, 0.086, 0.219, 0.174
6.055, 0.091, 0.217, 0.180
6.072, 0.093, 0.216, 0.183
6.089, 0.100, 0.214, 0.192
6.105, 0.104, 0.212, 0.198
6.122, 0.105, 0.211, 0.201
6.138, 0.110, 0.208, 0.211
6.155, 0.113, 0.206, 0.217
6.172, 0.114, 0.204, 0.220
6.189, 0.117, 0.201, 0.229
6.205, 0.118, 0.198, 0.235
6.222, 0.119, 0.197, 0.239
6.239, 0.121, 0.193, 0.247
6.255, 0.121, 0.190, 0.254
6.272, 0.121, 0.189, 0.257
6.289, 0.121, 0.185, 0.266
6.305, 0.120, 0.182, 0.272
6.322, 0.120, 0.180, 0.275
6.339, 0.118, 0.175, 0.284
6.355, 0.117, 0.172, 0.290
6.372, 0.116, 0.170, 0.293
6.389, 0.113, 0.165, 0.302
6.405, 0.111, 0.162, 0.307
6.422, 0.110, 0.160, 0.310
6.439, 0.106, 0.155, 0.318
6.455, 0.103, 0.151, 0.324
6.472, 0.101, 0.150, 0.326
6.489, 0.096, 0.144, 0.334
6.505, 0.093, 0.140, 0.340
6.522, 0.091, 0.139, 0.342
6.539, 0.085, 0.133, 0.350
6.555, 0.081, 0.129, 0.355
6.572, 0.080, 0.127, 0.358
6.589, 0.073, 0.122, 0.366
6.605, 0.069, 0.118, 0.370
6.622, 0.067, 0.116, 0.373
6.639, 0.061, 0.111, 0.380
6.655, 0.056, 0.107, 0.384
6.672, 0.054, 0.105, 0.386
6.689, 0.047, 0.100, 0.393
6.705, 0.043, 0.096, 0.397
6.722, 0.041, 0.094, 0.399
6.739, 0.035, 0.089, 0.405
6.755, 0.031, 0.086, 0.409
6.772, 0.028, 0.084, 0.411
6.789, 0.023, 0.079, 0.417
6.805, 0.019, 0.075, 0.421
6.822, 0.017, 0.074, 0.423
6.839, 0.012, 0.069, 0.428
6.855, 0.008, 0.065, 0.432
6.872, 0.007, 0.064, 0.434
6.889, 0.002, 0.059, 0.439
6.905, -0.001, 0.056, 0.442
6.922, -0.002, 0.054, 0.444
6.939, -0.006, 0.050, 0.449
6.955, -0.008, 0.047, 0.452
6.972, -0.009, 0.045, 0.453
6.988, -0.012, 0.041, 0.457
7.005, -0.014, 0.038, 0.460
7.022, -0.015, 0.036, 0.462
7.039, -0.017, 0.032, 0.466
7.055, -0.018, 0.029, 0.468
7.072, -0.019, 0.028, 0.469
7.088, -0.020, 0.024, 0.473
7.105, -0.021, 0.022, 0.475
7.122, -0.021, 0.020, 0.476
7.139, -0.022, 0.017, 0.479
7.155, -0.022, 0.014, 0.481
7.172, -0.022, 0.013, 0.482
7.189, -0.022, 0.009, 0.484
7.205, -0.022, 0.007, 0.486
7.222, -0.022, 0.006, 0.486
7.239, -0.021, 0.002, 0.489
7.255, -0.021, 0.000, 0.490
7.272, -0.020, -0.001, 0.491
7.289, -0.019, -0.004, 0.493
7.305, -0.018, -0.006, 0.494
7.322, -0.017, -0.007, 0.494
7.339, -0.016, -0.010, 0.496
7.355, -0.015, -0.011, 0.497
7.372, -0.014, -0.012, 0.498
7.389, -0.012, -0.014, 0.499
7.405, -0.011, -0.016, 0.500
7.422, -0.010, -0.017, 0.500
7.439, -0.009, -0.019, 0.502
7.455, -0.007, -0.020, 0.503
7.472, -0.006, -0.021, 0.503
7.489, -0.004, -0.022, 0.504
7.505, -0.003, -0.023, 0.505
7.522, -0.003, -0.024, 0.506
7.538, -0.001, -0.025, 0.507
7.555, 0.001, -0.026, 0.508
7.572, 0.002, -0.026, 0.509
7.589, 0.004, -0.027, 0.510
7.605, 0.005, -0.027, 0.511
7.622, 0.006, -0.028, 0.512
7.639, 0.007, -0.028, 0.513
7.655, 0.009, -0.029, 0.514
7.672, 0.009, -0.029, 0.515
7.689, 0.011, -0.029, 0.517
7.705, 0.012, -0.029, 0.518
7.722, 0.013, -0.029, 0.519
7.739, 0.014, -0.029, 0.520
7.755, 0.015, -0.029, 0.521
7.772, 0.016, -0.028, 0.522
7.789, 0.016, -0.028, 0.523
7.805, 0.017, -0.028, 0.525
7.822, 0.018, -0.027, 0.525
7.839, 0.018, -0.027, 0.527
7.855, 0.019, -0.026, 0.528
7.872, 0.019, -0.026, 0.529
7.889, 0.020, -0.025, 0.530
7.905, 0.020, -0.024, 0.531
7.922, 0.020, -0.024, 0.532
7.939, 0.021, -0.023, 0.534
7.955, 0.021, -0.022, 0.535
7.972, 0.021, -0.022, 0.535
7.989, 0.021, -0.021, 0.537
8.005, 0.021, -0.020, 0.538
8.022, 0.021, -0.019, 0.539
8.038, 0.020, -0.018, 0.540
8.055, 0.020, -0.017, 0.542
8.072, 0.020, -0.017, 0.542
8.088, 0.019, -0.015, 0.544
8.105, 0.019, -0.014, 0.545
8.122, 0.018, -0.014, 0.545
8.139, 0.018, -0.013, 0.547
8.155, 0.017, -0.012, 0.548
8.172, 0.016, -0.012, 0.548
8.189, 0.015, -0.010, 0.549
8.205, 0.014, -0.009, 0.550
8.222, 0.014, -0.009, 0.550
8.239, 0.013, -0.008, 0.552
8.255, 0.012, -0.007, 0.552
8.272, 0.011, -0.007, 0.553
8.289, 0.010, -0.006, 0.554
8.305, 0.009, -0.005, 0.555
8.322, 0.009, -0.005, 0.555
8.339, 0.007, -0.004, 0.556
8.355, 0.006, -0.003, 0.557
8.372, 0.006, -0.003, 0.557
8.389, 0.005, -0.002, 0.558
8.405, 0.004, -0.002, 0.559
8.422, 0.004, -0.002, 0.559
8.439, 0.002, -0.001, 0.560
8.455, 0.002, -0.001, 0.560
8.472, 0.001, -0.001, 0.561
8.489, 0.000, -0.000, 0.562
8.505, -0.001, -0.000, 0.562
8.522, -0.001, -0.000, 0.563
8.539, -0.002, -0.000, 0.564
8.555, -0.003, -0.001, 0.564
8.572, -0.003, -0.000, 0.564
8.589, -0.004, -0.001, 0.565
8.605, -0.005, -0.001, 0.566
8.622, -0.005, -0.001, 0.566
8.639, -0.006, -0.002, 0.567
8.655, -0.006, -0.002, 0.568
8.672, -0.006, -0.003, 0.568
8.688, -0.007, -0.004, 0.569
8.705, -0.007, -0.004, 0.569
8.722, -0.008, -0.004, 0.570
8.739, -0.008, -0.006, 0.570
8.755, -0.009, -0.006, 0.571
8.772, -0.009, -0.007, 0.571
8.789, -0.009, -0.008, 0.572
8.805, -0.010, -0.009, 0.573
8.822, -0.010, -0.010, 0.573
8.839, -0.010, -0.011, 0.574
8.855, -0.011, -0.013, 0.575
8.872, -0.011, -0.013, 0.575
8.889, -0.011, -0.015, 0.576
8.905, -0.011, -0.017, 0.576
8.922, -0.011, -0.017, 0.577
8.939, -0.011, -0.019, 0.578
8.955, -0.011, -0.021, 0.578
8.972, -0.011, -0.021, 0.578
8.988, -0.011, -0.024, 0.579
9.005, -0.011, -0.025, 0.579
9.022, -0.011, -0.026, 0.579
9.039, -0.011, -0.028, 0.580
9.055, -0.011, -0.029, 0.580
9.072, -0.011, -0.030, 0.580
9.088, -0.010, -0.032, 0.581
9.105, -0.010, -0.034, 0.580
9.122, -0.010, -0.034, 0.581
9.139, -0.009, -0.036, 0.581
9.155, -0.009, -0.038, 0.581
9.172, -0.009, -0.039, 0.581
9.188, -0.009, -0.041, 0.580
9.205, -0.008, -0.042, 0.580
9.222, -0.008, -0.043, 0.580
9.239, -0.007, -0.044, 0.580
9.255, -0.007, -0.046, 0.579
9.272, -0.007, -0.046, 0.579
9.289, -0.006, -0.048, 0.578
9.305, -0.006, -0.049, 0.578
9.322, -0.005, -0.049, 0.578
9.339, -0.005, -0.051, 0.577
9.355, -0.004, -0.052, 0.576
9.372, -0.004, -0.052, 0.577
9.389, -0.003, -0.054, 0.576
9.405, -0.002, -0.054, 0.575
9.422, -0.002, -0.055, 0.575
9.439, -0.002, -0.056, 0.574
9.455, -0.001, -0.057, 0.573
9.472, -0.001, -0.057, 0.573
9.489, 0.000, -0.058, 0.572
9.505, 0.001, -0.059, 0.572
9.522, 0.001, -0.059, 0.571
9.539, 0.002, -0.060, 0.570
9.555, 0.002, -0.061, 0.570
9.572, 0.002, -0.061, 0.569
9.588, 0.003, -0.062, 0.568
9.605, 0.003, -0.062, 0.568
9.622, 0.003, -0.063, 0.567
9.639, 0.004, -0.063, 0.567
9.655, 0.004, -0.064, 0.566
9.672, 0.004, -0.064, 0.566
9.689, 0.005, -0.064, 0.565
9.705, 0.005, -0.065, 0.564
9.722, 0.005, -0.065, 0.564
9.739, 0.005, -0.065, 0.563
9.755, 0.006, -0.066, 0.563
9.772, 0.006, -0.066, 0.563
9.789, 0.006, -0.066, 0.562
9.805, 0.006, -0.066, 0.561
9.822, 0.006, -0.067, 0.561
9.839, 0.006, -0.067, 0.560
9.855, 0.006, -0.067, 0.560
9.872, 0.006, -0.067, 0.560
9.889, 0.006, -0.067, 0.559
9.905, 0.005, -0.068, 0.559
9.922, 0.005, -0.068, 0.558
9.938, 0.005, -0.068, 0.558
9.955, 0.005, -0.068, 0.557
9.972, 0.005, -0.068, 0.557
9.989, 0.004, -0.068, 0.556
10.005, 0.004, -0.068, 0.556
10.022, 0.004, -0.068, 0.555
10.038, 0.004, -0.068, 0.555
10.055, 0.003, -0.068, 0.554
10.072, 0.003, -0.068, 0.554
10.089, 0.003, -0.068, 0.553
10.105, 0.002, -0.068, 0.553
10.122, 0.002, -0.068, 0.553
10.138, 0.002, -0.067, 0.552
10.155, 0.001, -0.067, 0.552
10.172, 0.001, -0.067, 0.552
10.189, 0.001, -0.067, 0.551
10.205, 0.000, -0.067, 0.551
10.222, 0.000, -0.066, 0.550
10.239, -0.001, -0.066, 0.550
10.255, -0.001, -0.065, 0.550
10.272, -0.001, -0.065, 0.550
10.289, -0.002, -0.065, 0.549
10.305, -0.002, -0.064, 0.549
10.322, -0.002, -0.064, 0.549
10.339, -0.003, -0.063, 0.549
10.355, -0.003, -0.062, 0.549
10.372, -0.003, -0.062, 0.549
10.389, -0.004, -0.061, 0.549
10.405, -0.004, -0.060, 0.549
10.422, -0.005, -0.060, 0.548
10.438, -0.005, -0.058, 0.548
10.455, -0.005, -0.057, 0.549
10.472, -0.006, -0.057, 0.548
10.489, -0.006, -0.056, 0.548
10.505, -0.007, -0.055, 0.548
10.522, -0.007, -0.054, 0.548
10.539, -0.007, -0.053, 0.548
10.555, -0.008, -0.051, 0.548
10.572, -0.008, -0.051, 0.547
10.589, -0.008, -0.049, 0.547
10.605, -0.008, -0.047, 0.547
10.622, -0.008, -0.047, 0.547
10.639, -0.009, -0.045, 0.547
10.655, -0.009, -0.044, 0.547
10.672, -0.009, -0.043, 0.547
10.689, -0.009, -0.041, 0.546
10.705, -0.010, -0.039, 0.546
10.722, -0.010, -0.038, 0.546
10.739, -0.010, -0.036, 0.546
10.755, -0.010, -0.035, 0.545
10.772, -0.010, -0.034, 0.545
10.789, -0.011, -0.032, 0.545
10.805, -0.011, -0.030, 0.544
10.822, -0.011, -0.029, 0.544
10.839, -0.011, -0.027, 0.544
10.855, -0.011, -0.025, 0.543
10.872, -0.011, -0.024, 0.543
10.889, -0.011, -0.022, 0.543
10.905, -0.012, -0.020, 0.542
10.922, -0.011, -0.020, 0.542
10.939, -0.012, -0.017, 0.541
10.955, -0.012, -0.016, 0.541
10.972, -0.012, -0.015, 0.541
10.989, -0.012, -0.013, 0.540
11.005, -0.012, -0.011, 0.539
11.022, -0.012, -0.011, 0.539
11.039, -0.012, -0.009, 0.538
11.055, -0.013, -0.008, 0.538
11.072, -0.013, -0.007, 0.538
11.089, -0.013, -0.005, 0.537
11.105, -0.013, -0.004, 0.536
11.122, -0.013, -0.004, 0.536
11.139, -0.013, -0.002, 0.535
11.155, -0.014, -0.001, 0.535
11.172, -0.014, -0.001, 0.535
11.188, -0.014, 0.001, 0.534
11.205, -0.014, 0.001, 0.534
11.222, -0.014, 0.001, 0.533
11.239, -0.015, 0.002, 0.533
11.255, -0.015, 0.003, 0.532
11.272, -0.015, 0.003, 0.532
11.289, -0.015, 0.004, 0.532
11.305, -0.015, 0.004, 0.531
11.322, -0.015, 0.004, 0.531
11.339, -0.016, 0.004, 0.530
11.355, -0.016, 0.004, 0.530
11.372, -0.016, 0.004, 0.530
11.389, -0.016, 0.004, 0.529
11.405, -0.016, 0.004, 0.529
11.422, -0.016, 0.004, 0.529
11.439, -0.016, 0.003, 0.528
11.455, -0.016, 0.003, 0.528
11.472, -0.016, 0.003, 0.528
11.489, -0.016, 0.002, 0.527
11.505, -0.016, 0.001, 0.527
11.522, -0.016, 0.001, 0.527
11.539, -0.016, -0.001, 0.527
11.555, -0.016, -0.001, 0.526
11.572, -0.016, -0.002, 0.526
11.588, -0.016, -0.004, 0.526
11.605, -0.016, -0.005, 0.526
11.622, -0.016, -0.005, 0.526
11.639, -0.015, -0.007, 0.525
11.655, -0.015, -0.009, 0.525
11.672, -0.015, -0.010, 0.525
11.689, -0.015, -0.012, 0.524
11.705, -0.015, -0.014, 0.524
11.722, -0.014, -0.015, 0.524
11.739, -0.014, -0.018, 0.524
11.755, -0.014, -0.020, 0.523
11.772, -0.014, -0.021, 0.523
11.789, -0.013, -0.024, 0.523
11.805, -0.013, -0.027, 0.523
11.822, -0.013, -0.028, 0.523
11.839, -0.012, -0.031, 0.522
11.855, -0.012, -0.034, 0.522
11.872, -0.011, -0.035, 0.522
11.889, -0.011, -0.039, 0.522
11.905, -0.010, -0.042, 0.522
11.922, -0.010, -0.044, 0.521
11.939, -0.010, -0.048, 0.521
11.955, -0.009, -0.051, 0.521
11.972, -0.009, -0.053, 0.521
11.989, -0.008, -0.057, 0.520
12.005, -0.008, -0.061, 0.520
12.022, -0.008, -0.062, 0.520
12.039, -0.007, -0.067, 0.519
12.055, -0.007, -0.071, 0.519
12.072, -0.007, -0.072, 0.519
12.089, -0.006, -0.077, 0.518
12.105, -0.006, -0.081, 0.518
12.122, -0.005, -0.083, 0.518
12.139, -0.005, -0.088, 0.518
12.155, -0.005, -0.091, 0.517
12.172, -0.004, -0.093, 0.517
12.189, -0.004, -0.099, 0.517
12.205, -0.004, -0.102, 0.516
12.222, -0.003, -0.104, 0.516
12.239, -0.003, -0.110, 0.515
12.255, -0.002, -0.113, 0.515
12.272, -0.002, -0.115, 0.515
12.289, -0.002, -0.121, 0.515
12.305, -0.001, -0.125, 0.514
12.322, -0.001, -0.126, 0.514
12.339, -0.001, -0.132, 0.514
12.355, -0.000, -0.136, 0.513
12.372, 0.000, -0.138, 0.513
12.389, 0.001, -0.144, 0.513
12.405, 0.002, -0.148, 0.513
12.422, 0.002, -0.149, 0.512
12.439, 0.002, -0.155, 0.512
12.455, 0.003, -0.159, 0.511
12.472, 0.003, -0.161, 0.511
12.488, 0.004, -0.167, 0.511
12.505, 0.005, -0.171, 0.510
12.522, 0.005, -0.173, 0.510
12.539, 0.006, -0.180, 0.509
12.555, 0.007, -0.184, 0.509
12.572, 0.007, -0.186, 0.508
12.589, 0.008, -0.192, 0.508
12.605, 0.008, -0.197, 0.507
12.622, 0.009, -0.199, 0.507
12.639, 0.009, -0.206, 0.506
12.655, 0.010, -0.210, 0.506
12.672, 0.010, -0.213, 0.506
12.689, 0.011, -0.220, 0.505
12.705, 0.011, -0.224, 0.505
12.722, 0.011, -0.227, 0.505
12.739, 0.011, -0.234, 0.504
12.755, 0.012, -0.239, 0.504
12.772, 0.012, -0.242, 0.503
12.789, 0.012, -0.250, 0.503
12.805, 0.012, -0.255, 0.503
12.822, 0.012, -0.258, 0.503
12.838, 0.012, -0.266, 0.502
12.855, 0.012, -0.271, 0.502
12.872, 0.012, -0.274, 0.502
12.889, 0.011, -0.283, 0.502
12.905, 0.011, -0.289, 0.502
12.922, 0.011, -0.292, 0.502
12.939, 0.011, -0.301, 0.502
12.955, 0.010, -0.307, 0.502
12.972, 0.010, -0.310, 0.502
12.989, 0.009, -0.319, 0.502
13.005, 0.009, -0.325, 0.502
13.022, 0.008, -0.328, 0.502
13.039, 0.008, -0.337, 0.502
13.055, 0.007, -0.343, 0.502
13.072, 0.007, -0.346, 0.503
13.089, 0.006, -0.356, 0.503
13.105, 0.005, -0.362, 0.504
13.122, 0.005, -0.365, 0.504
13.139, 0.004, -0.375, 0.504
13.155, 0.004, -0.381, 0.505
13.172, 0.003, -0.384, 0.505
13.189, 0.003, -0.393, 0.505
13.205, 0.002, -0.400, 0.506
13.222, 0.002, -0.403, 0.506
13.239, 0.001, -0.412, 0.507
13.255, 0.001, -0.418, 0.507
13.272, 0.001, -0.421, 0.507
13.289, 0.000, -0.430, 0.508
13.305, 0.000, -0.437, 0.508
13.322, 0.000, -0.440, 0.509
13.339, -0.000, -0.449, 0.510
13.355, -0.000, -0.455, 0.510
13.372, -0.000, -0.458, 0.510
13.389, -0.000, -0.466, 0.511
13.405, -0.000, -0.472, 0.512
13.422, -0.000, -0.475, 0.512
13.439, -0.000, -0.483, 0.513
13.455, -0.000, -0.489, 0.513
13.472, 0.000, -0.492, 0.513
13.489, 0.000, -0.500, 0.514
13.505, 0.001, -0.505, 0.515
13.522, 0.001, -0.508, 0.515
13.539, 0.001, -0.516, 0.516
13.555, 0.002, -0.521, 0.517
13.572, 0.002, -0.524, 0.517
13.589, 0.003, -0.531, 0.518
13.605, 0.003, -0.536, 0.518
13.622, 0.003, -0.539, 0.519
13.639, 0.004, -0.546, 0.520
13.655, 0.005, -0.551, 0.520
13.672, 0.005, -0.553, 0.521
13.689, 0.006, -0.560, 0.522
13.705, 0.007, -0.564, 0.522
13.722, 0.007, -0.566, 0.522
13.739, 0.008, -0.573, 0.523
13.755, 0.009, -0.577, 0.524
13.772, 0.009, -0.581, 0.525
13.789, 0.010, -0.585, 0.525
13.805, 0.011, -0.589, 0.525
13.822, 0.011, -0.591, 0.526
13.839, 0.012, -0.597, 0.526
13.855, 0.012, -0.601, 0.527
13.872, 0.013, -0.605, 0.527
13.889, 0.013, -0.609, 0.528
13.905, 0.014, -0.612, 0.528
13.922, 0.014, -0.614, 0.529
13.939, 0.015, -0.620, 0.529
13.955, 0.015, -0.624, 0.530
13.972, 0.016, -0.627, 0.531
13.989, 0.016, -0.631, 0.531
14.005, 0.016, -0.635, 0.532
14.022, 0.016, -0.637, 0.532
14.039, 0.017, -0.642, 0.533
14.055, 0.017, -0.645, 0.534
14.072, 0.017, -0.647, 0.534
14.089, 0.017, -0.653, 0.535
14.105, 0.017, -0.656, 0.536
14.122, 0.018, -0.658, 0.536
14.139, 0.017, -0.664, 0.537
14.155, 0.018, -0.667, 0.538
14.172, 0.017, -0.669, 0.539
14.189, 0.017, -0.674, 0.540
14.205, 0.017, -0.678, 0.541
14.222, 0.017, -0.680, 0.542
14.239, 0.016, -0.685, 0.543
14.255, 0.016, -0.689, 0.544
14.272, 0.016, -0.690, 0.544
14.289, 0.015, -0.696, 0.545
14.305, 0.014, -0.699, 0.547
14.322, 0.014, -0.701, 0.547
14.339, 0.013, -0.707, 0.548
14.355, 0.012, -0.710, 0.549
14.372, 0.012, -0.712, 0.549
14.389, 0.010, -0.718, 0.550
14.405, 0.009, -0.721, 0.551
14.422, 0.009, -0.723, 0.551
14.439, 0.008, -0.729, 0.552
14.455, 0.006, -0.732, 0.553
14.472, 0.006, -0.734, 0.553
14.489, 0.005, -0.740, 0.554
14.505, 0.003, -0.744, 0.554
14.522, 0.003, -0.746, 0.554
14.539, 0.001, -0.751, 0.554
14.555, 0.000, -0.755, 0.555
14.572, -0.001, -0.757, 0.555
14.589, -0.002, -0.763, 0.555
14.605, -0.003, -0.767, 0.555
14.622, -0.004, -0.769, 0.555
14.638, -0.005, -0.774, 0.555
14.655, -0.006, -0.778, 0.555
14.672, -0.007, -0.780, 0.555
14.689, -0.008, -0.786, 0.555
14.705, -0.009, -0.790, 0.555
14.722, -0.010, -0.792, 0.556
14.738, -0.011, -0.797, 0.556
14.755, -0.012, -0.801, 0.556
14.772, -0.012, -0.803, 0.556
14.789, -0.014, -0.809, 0.556
14.805, -0.014, -0.813, 0.556
14.822, -0.015, -0.815, 0.556
14.839, -0.015, -0.821, 0.556
14.855, -0.016, -0.824, 0.557
14.872, -0.016, -0.826, 0.557
14.889, -0.017, -0.832, 0.557
14.905, -0.017, -0.836, 0.557
14.922, -0.017, -0.838, 0.558
14.939, -0.018, -0.843, 0.558
14.955, -0.018, -0.847, 0.558
14.972, -0.018, -0.851, 0.559
14.989, -0.018, -0.855, 0.559
15.005, -0.018, -0.858, 0.559
15.022, -0.018, -0.860, 0.560
15.039, -0.017, -0.866, 0.560
15.055, -0.017, -0.870, 0.560
15.072, -0.017, -0.872, 0.561
15.089, -0.016, -0.878, 0.561
15.105, -0.016, -0.882, 0.562
15.122, -0.015, -0.884, 0.562
15.139, -0.014, -0.889, 0.562
15.155, -0.014, -0.893, 0.563
15.172, -0.013, -0.897, 0.563
15.189, -0.012, -0.901, 0.564
15.205, -0.011, -0.905, 0.564
15.222, -0.011, -0.907, 0.564
15.238, -0.009, -0.913, 0.565
15.255, -0.008, -0.917, 0.564
15.272, -0.007, -0.920, 0.565
15.289, -0.006, -0.926, 0.565
15.305, -0.005, -0.930, 0.565
15.322, -0.004, -0.932, 0.565
15.339, -0.002, -0.938, 0.565
15.355, -0.001, -0.942, 0.565
15.372, 0.000, -0.946, 0.565
15.388, 0.001, -0.951, 0.565
15.405, 0.002, -0.955, 0.565
15.422, 0.003, -0.957, 0.565
15.439, 0.004, -0.963, 0.565
15.455, 0.005, -0.968, 0.565
15.472, 0.006, -0.972, 0.565
15.488, 0.007, -0.976, 0.565
15.505, 0.007, -0.981, 0.565
15.522, 0.008, -0.983, 0.565
15.539, 0.009, -0.990, 0.565
15.555, 0.009, -0.994, 0.565
15.572, 0.009, -0.999, 0.565
15.588, 0.010, -1.003, 0.565
15.605, 0.010, -1.008, 0.565
15.622, 0.010, -1.010, 0.565
15.638, 0.010, -1.017, 0.565
15.655, 0.010, -1.022, 0.565
15.672, 0.010, -1.025, 0.565
15.689, 0.009, -1.032, 0.565
15.705, 0.009, -1.037, 0.565
15.722, 0.009, -1.040, 0.565
15.739, 0.008, -1.047, 0.565
15.755, 0.007, -1.052, 0.565
15.772, 0.007, -1.055, 0.565
15.789, 0.006, -1.063, 0.565
15.805, 0.005, -1.068, 0.566
15.822, 0.004, -1.071, 0.566
15.839, 0.003, -1.079, 0.566
15.855, 0.001, -1.084, 0.566
15.872, 0.001, -1.087, 0.566
15.889, -0.001, -1.095, 0.566
15.905, -0.003, -1.101, 0.566
15.922, -0.003, -1.104, 0.566
15.939, -0.005, -1.113, 0.566
15.955, -0.007, -1.119, 0.566
15.972, -0.008, -1.122, 0.566
15.989, -0.010, -1.131, 0.566
16.005, -0.012, -1.137, 0.566
16.022, -0.012, -1.140, 0.566
16.038, -0.015, -1.149, 0.565
16.055, -0.016, -1.155, 0.564
16.072, -0.017, -1.158, 0.564
16.089, -0.020, -1.168, 0.563
16.105, -0.021, -1.174, 0.562
16.122, -0.022, -1.178, 0.562
16.138, -0.024, -1.187, 0.561
16.155, -0.025, -1.194, 0.560
16.172, -0.026, -1.200, 0.559
16.189, -0.027, -1.207, 0.558
16.205, -0.028, -1.214, 0.557
16.222, -0.029, -1.217, 0.556
16.239, -0.030, -1.227, 0.555
16.255, -0.031, -1.234, 0.554
16.272, -0.032, -1.237, 0.553
16.289, -0.033, -1.248, 0.552
16.305, -0.034, -1.254, 0.551
16.322, -0.034, -1.258, 0.550
16.338, -0.036, -1.268, 0.549
16.355, -0.036, -1.275, 0.548
16.372, -0.037, -1.282, 0.547
16.389, -0.038, -1.290, 0.546
16.405, -0.038, -1.297, 0.546
16.422, -0.039, -1.300, 0.545
16.439, -0.039, -1.311, 0.544
16.455, -0.040, -1.318, 0.543
16.472, -0.040, -1.322, 0.543
16.489, -0.041, -1.333, 0.542
16.505, -0.041, -1.340, 0.542
16.522, -0.042, -1.344, 0.541
16.539, -0.042, -1.355, 0.541
16.555, -0.043, -1.363, 0.541
16.572, -0.043, -1.366, 0.540
16.589, -0.044, -1.378, 0.540
16.605, -0.044, -1.385, 0.540
16.622, -0.044, -1.389, 0.540
16.639, -0.045, -1.400, 0.540
16.655, -0.045, -1.408, 0.540
16.672, -0.045, -1.412, 0.540
16.689, -0.046, -1.423, 0.540
16.705, -0.046, -1.431, 0.540
16.722, -0.046, -1.434, 0.540
16.739, -0.047, -1.446, 0.540
16.755, -0.047, -1.454, 0.540
16.772, -0.047, -1.458, 0.540
16.789, -0.047, -1.469, 0.540
16.805, -0.047, -1.477, 0.541
16.822, -0.047, -1.477, 0.541
16.839, -0.047, -1.489, 0.541
16.855, -0.047, -1.500, 0.541
16.872, -0.047, -1.504, 0.541
16.889, -0.047, -1.516, 0.541
16.905, -0.046, -1.524, 0.541
16.922, -0.047, -1.528, 0.541
16.939, -0.046, -1.539, 0.541
16.955, -0.045, -1.547, 0.541
16.972, -0.045, -1.551, 0.540
16.988, -0.044, -1.564, 0.540
17.005, -0.044, -1.571, 0.540
17.022, -0.043, -1.576, 0.540
17.039, -0.042, -1.588, 0.539
17.055, -0.041, -1.596, 0.539
17.072, -0.041, -1.600, 0.539
17.089, -0.039, -1.612, 0.538
17.105, -0.038, -1.620, 0.538
17.122, -0.037, -1.624, 0.538
17.139, -0.035, -1.636, 0.538
17.155, -0.034, -1.644, 0.537
17.172, -0.032, -1.652, 0.537
17.189, -0.030, -1.659, 0.537
17.205, -0.029, -1.667, 0.537
17.222, -0.028, -1.671, 0.536
17.239, -0.025, -1.683, 0.536
17.255, -0.023, -1.691, 0.536
17.272, -0.021, -1.699, 0.535
17.288, -0.018, -1.707, 0.535
17.305, -0.016, -1.715, 0.535
17.322, -0.015, -1.718, 0.534
17.338, -0.015, -1.718, 0.534
17.355, -0.015, -1.718, 0.534
17.372, -0.015, -1.718, 0.534
17.389, -0.005, -1.752, 0.532
17.405, -0.005, -1.752, 0.532
17.422, -0.005, -1.752, 0.532
17.439, -0.002, -1.774, 0.526
17.455, -0.002, -1.774, 0.526
17.472, -0.002, -1.774, 0.526
17.489, -0.002, -1.774, 0.526
17.505, -0.002, -1.774, 0.526
17.522, -0.002, -1.774, 0.526
17.538, -0.002, -1.774, 0.526
17.555, -0.002, -1.774, 0.526
17.577, -0.002, -1.774, 0.526
17.588, -0.002, -1.774, 0.526
17.605, -0.002, -1.774, 0.526
17.622, -0.002, -1.774, 0.526
17.638, -0.002, -1.774, 0.526
17.655, -0.002, -1.774, 0.526
17.672, -0.002, -1.774, 0.526
17.688, -0.002, -1.774, 0.526
17.705, -0.002, -1.774, 0.526
17.722, -0.002, -1.774, 0.526
17.738, -0.002, -1.774, 0.526
17.755, -0.002, -1.774, 0.526
17.772, -0.002, -1.774, 0.526
17.788, -0.002, -1.774, 0.526
17.805, -0.002, -1.774, 0.526
17.822, -0.002, -1.774, 0.526
17.838, -0.002, -1.774, 0.526
17.855, -0.002, -1.774, 0.526
17.872, -0.002, -1.774, 0.526
17.889, -0.002, -1.774, 0.526
17.905, -0.002, -1.774, 0.526
17.922, -0.002, -1.774, 0.526
17.938, -0.002, -1.774, 0.526
17.955, -0.002, -1.774, 0.526
17.972, -0.002, -1.774, 0.526
17.989, -0.002, -1.774, 0.526
18.005, -0.002, -1.774, 0.526
18.022, -0.002, -1.774, 0.526
18.038, -0.002, -1.774, 0.526
18.055, -0.002, -1.774, 0.526
18.072, -0.002, -1.774, 0.526
18.088, -0.002, -1.774, 0.526
18.105, -0.002, -1.774, 0.526
18.122, -0.002, -1.774, 0.526
18.138, -0.002, -1.774, 0.526
18.155, -0.002, -1.774, 0.526
18.172, -0.002, -1.774, 0.526
18.190, -0.002, -1.774, 0.526
18.205, -0.002, -1.774, 0.526
18.222, -0.002, -1.774, 0.526
18.238, -0.002, -1.774, 0.526
18.255, -0.002, -1.774, 0.526
18.272, -0.002, -1.774, 0.526
18.288, -0.002, -1.774, 0.526
18.305, -0.002, -1.774, 0.526
18.322, -0.002, -1.774, 0.526
18.339, 0.071, -2.044, 0.266
18.355, 0.071, -2.044, 0.266
18.372, 0.071, -2.044, 0.266
18.388, 0.071, -2.044, 0.266
18.405, 0.071, -2.044, 0.266
18.422, 0.071, -2.044, 0.266
18.438, 0.071, -2.044, 0.266
18.455, 0.071, -2.044, 0.266
18.472, 0.071, -2.044, 0.266
18.488, 0.071, -2.044, 0.266
18.505, 0.071, -2.044, 0.266
18.522, 0.071, -2.044, 0.266
18.538, 0.071, -2.044, 0.266
18.555, 0.071, -2.044, 0.266
18.572, 0.071, -2.044, 0.266
18.588, 0.071, -2.044, 0.266
18.605, 0.071, -2.044, 0.266
18.622, 0.071, -2.044, 0.266
18.638, 0.071, -2.044, 0.266
18.655, 0.071, -2.044, 0.266
18.672, 0.071, -2.044, 0.266
18.688, 0.071, -2.044, 0.266
18.705, 0.071, -2.044, 0.266
18.722, 0.071, -2.044, 0.266
18.738, 0.071, -2.044, 0.266
18.755, 0.071, -2.044, 0.266
18.772, 0.071, -2.044, 0.266
18.788, 0.071, -2.044, 0.266
18.805, 0.071, -2.044, 0.266
18.822, 0.071, -2.044, 0.266
18.838, 0.071, -2.044, 0.266
18.855, 0.071, -2.044, 0.266
18.872, 0.071, -2.044, 0.266
18.888, 0.071, -2.044, 0.266
18.905, 0.071, -2.044, 0.266
18.922, 0.071, -2.044, 0.266
18.938, 0.071, -2.044, 0.266
18.955, 0.071, -2.044, 0.266
18.972, 0.071, -2.044, 0.266
18.988, 0.071, -2.044, 0.266
19.005, 0.071, -2.044, 0.266
19.022, 0.071, -2.044, 0.266
19.038, 0.071, -2.044, 0.266
19.055, 0.071, -2.044, 0.266
19.072, 0.071, -2.044, 0.266
19.088, 0.071, -2.044, 0.266
19.105, 0.071, -2.044, 0.266
19.122, 0.071, -2.044, 0.266
19.138, 0.071, -2.044, 0.266
19.155, 0.071, -2.044, 0.266
19.172, 0.071, -2.044, 0.266
19.188, 0.071, -2.044, 0.266
19.205, 0.071, -2.044, 0.266
19.222, 0.071, -2.044, 0.266
19.238, 0.071, -2.044, 0.266
19.255, 0.071, -2.044, 0.266
19.272, 0.071, -2.044, 0.266
19.288, 0.071, -2.044, 0.266
19.305, 0.071, -2.044, 0.266
19.322, 0.071, -2.044, 0.266
19.338, 0.071, -2.044, 0.266
19.355, 0.071, -2.044, 0.266
19.372, 0.071, -2.044, 0.266
19.388, 0.071, -2.044, 0.266
19.405, 0.071, -2.044, 0.266
19.422, 0.071, -2.044, 0.266
19.438, 0.071, -2.044, 0.266
19.455, 0.071, -2.044, 0.266
19.472, 0.071, -2.044, 0.266
19.488, 0.071, -2.044, 0.266
19.505, 0.071, -2.044, 0.266
19.522, 0.071, -2.044, 0.266
19.538, 0.071, -2.044, 0.266
19.555, 0.071, -2.044, 0.266
19.572, 0.071, -2.044, 0.266
19.588, 0.071, -2.044, 0.266
19.605, 0.071, -2.044, 0.266
19.622, 0.071, -2.044, 0.266
19.638, 0.071, -2.044, 0.266
19.655, 0.071, -2.044, 0.266
19.672, 0.071, -2.044, 0.266
19.688, 0.071, -2.044, 0.266
19.705, 0.071, -2.044, 0.266
19.722, 0.071, -2.044, 0.266
19.738, 0.071, -2.044, 0.266
19.755, 0.071, -2.044, 0.266
19.772, 0.071, -2.044, 0.266
19.788, 0.071, -2.044, 0.266
19.805, 0.071, -2.044, 0.266
19.822, 0.071, -2.044, 0.266
19.838, 0.071, -2.044, 0.266
19.855, 0.071, -2.044, 0.266
19.872, 0.071, -2.044, 0.266
19.888, 0.071, -2.044, 0.266
19.905, 0.071, -2.044, 0.266
19.922, 0.071, -2.044, 0.266
19.938, 0.071, -2.044, 0.266
19.955, 0.071, -2.044, 0.266
19.972, 0.071, -2.044, 0.266
19.989, 0.071, -2.044, 0.266
20.005, 0.071, -2.044, 0.266
20.022, 0.071, -2.044, 0.266
20.039, 0.071, -2.044, 0.266
20.055, 0.071, -2.044, 0.266
20.072, 0.071, -2.044, 0.266
20.088, 0.071, -2.044, 0.266
20.105, 0.071, -2.044, 0.266
20.122, 0.071, -2.044, 0.266
20.138, 0.071, -2.044, 0.266
20.155, 0.071, -2.044, 0.266
20.172, 0.071, -2.044, 0.266
20.188, 0.071, -2.044, 0.266
20.205, 0.071, -2.044, 0.266
20.222, 0.071, -2.044, 0.266
20.238, 0.071, -2.044, 0.266
20.255, 0.071, -2.044, 0.266
20.272, 0.071, -2.044, 0.266
20.288, 0.071, -2.044, 0.266
20.305, 0.071, -2.044, 0.266
