0.025, 0.000, 0.000, 0.000
0.042, 0.000, 0.000, 0.000
0.059, 0.000, 0.000, 0.000
0.075, 0.000, 0.000, 0.000
0.092, 0.000, 0.000, 0.000
0.109, 0.000, 0.000, 0.000
0.125, 0.000, 0.000, 0.000
0.142, 0.000, 0.000, 0.000
0.159, 0.000, 0.000, 0.000
0.175, 0.000, 0.000, 0.000
0.192, 0.000, 0.000, 0.000
0.208, 0.000, 0.000, 0.000
0.225, 0.000, 0.000, 0.000
0.242, 0.000, 0.000, 0.000
0.258, 0.000, 0.000, 0.000
0.275, 0.000, 0.000, 0.000
0.292, 0.000, 0.000, 0.000
0.308, 0.000, 0.000, 0.000
0.325, 0.000, 0.000, 0.000
0.342, 0.000, 0.000, 0.000
0.359, 0.000, 0.000, 0.000
0.375, 0.000, 0.000, 0.000
0.392, 0.000, 0.000, 0.000
0.409, 0.000, 0.000, 0.000
0.425, 0.000, 0.000, 0.000
0.442, 0.000, 0.000, 0.000
0.459, 0.000, 0.000, 0.000
0.475, 0.000, 0.000, 0.000
0.492, 0.000, 0.000, 0.000
0.509, 0.000, 0.000, 0.000
0.525, 0.000, 0.000, 0.000
0.542, 0.000, 0.000, 0.000
0.559, -0.060, 0.080, 0.034
0.576, -0.060, 0.079, 0.034
0.592, -0.060, 0.079, 0.034
0.609, -0.060, 0.080, 0.034
0.625, -0.060, 0.079, 0.034
0.642, -0.060, 0.079, 0.034
0.659, -0.060, 0.080, 0.034
0.675, -0.060, 0.080, 0.033
0.692, -0.060, 0.079, 0.034
0.709, -0.060, 0.080, 0.034
0.725, -0.060, 0.079, 0.034
0.742, -0.060, 0.080, 0.034
0.759, -0.060, 0.079, 0.034
0.775, -0.060, 0.079, 0.034
0.792, -0.060, 0.080, 0.034
0.809, -0.060, 0.080, 0.034
0.825, -0.060, 0.079, 0.034
0.842, -0.060, 0.080, 0.034
0.859, -0.060, 0.079, 0.034
0.875, -0.060, 0.079, 0.034
0.892, -0.060, 0.080, 0.034
0.909, -0.060, 0.079, 0.034
0.925, -0.060, 0.080, 0.034
0.942, -0.060, 0.080, 0.034
0.959, -0.060, 0.079, 0.034
0.975, -0.060, 0.080, 0.034
0.992, -0.060, 0.080, 0.034
1.009, -0.060, 0.080, 0.034
1.025, -0.060, 0.080, 0.034
1.042, -0.060, 0.080, 0.034
1.059, -0.060, 0.080, 0.034
1.075, -0.060, 0.080, 0.034
1.092, -0.060, 0.079, 0.033
1.109, -0.060, 0.079, 0.034
1.125, -0.060, 0.079, 0.034
1.142, -0.060, 0.079, 0.034
1.159, -0.060, 0.080, 0.034
1.175, -0.060, 0.080, 0.034
1.192, -0.060, 0.079, 0.034
1.209, -0.060, 0.079, 0.034
1.225, -0.060, 0.080, 0.034
1.242, -0.060, 0.079, 0.034
1.259, -0.060, 0.080, 0.034
1.275, -0.060, 0.079, 0.034
1.292, -0.060, 0.080, 0.034
1.309, -0.060, 0.079, 0.034
1.325, -0.060, 0.079, 0.034
1.342, -0.060, 0.079, 0.034
1.359, -0.060, 0.080, 0.034
1.375, -0.060, 0.079, 0.034
1.392, -0.060, 0.080, 0.034
1.409, -0.060, 0.079, 0.034
1.425, -0.060, 0.079, 0.034
1.442, -0.060, 0.080, 0.034
1.459, -0.060, 0.079, 0.034
1.475, -0.060, 0.079, 0.034
1.492, -0.060, 0.079, 0.034
1.509, -0.060, 0.080, 0.034
1.525, -0.060, 0.079, 0.034
1.542, -0.060, 0.080, 0.034
1.559, -0.060, 0.079, 0.034
1.575, -0.060, 0.080, 0.034
1.592, -0.060, 0.080, 0.034
1.608, -0.060, 0.079, 0.034
1.625, -0.060, 0.080, 0.034
1.642, -0.060, 0.079, 0.034
1.659, -0.060, 0.079, 0.034
1.675, -0.060, 0.080, 0.034
1.692, -0.060, 0.079, 0.034
1.709, -0.060, 0.080, 0.034
1.725, -0.060, 0.080, 0.034
1.742, -0.060, 0.079, 0.034
1.759, -0.060, 0.080, 0.034
1.775, -0.060, 0.080, 0.034
1.792, -0.060, 0.079, 0.034
1.808, -0.060, 0.080, 0.034
1.825, -0.060, 0.080, 0.034
1.842, -0.060, 0.080, 0.034
1.859, -0.060, 0.080, 0.034
1.875, -0.060, 0.079, 0.034
1.892, -0.060, 0.079, 0.034
1.909, -0.060, 0.080, 0.033
1.925, -0.060, 0.079, 0.034
1.942, -0.060, 0.079, 0.034
1.959, -0.060, 0.080, 0.034
1.975, -0.060, 0.080, 0.034
1.992, -0.060, 0.080, 0.034
2.009, -0.060, 0.080, 0.034
2.025, -0.060, 0.079, 0.034
2.042, -0.060, 0.080, 0.034
2.059, -0.060, 0.080, 0.034
2.075, -0.060, 0.079, 0.034
2.092, -0.060, 0.079, 0.034
2.109, -0.060, 0.079, 0.034
2.125, -0.060, 0.079, 0.034
2.142, -0.060, 0.080, 0.034
2.159, -0.060, 0.079, 0.033
2.175, -0.060, 0.079, 0.034
2.192, -0.060, 0.080, 0.034
2.209, -0.060, 0.079, 0.034
2.225, -0.060, 0.080, 0.034
2.242, -0.060, 0.080, 0.034
2.259, -0.060, 0.079, 0.034
2.275, -0.060, 0.080, 0.034
2.292, -0.060, 0.079, 0.034
2.309, -0.060, 0.080, 0.034
2.325, -0.060, 0.079, 0.034
2.342, -0.060, 0.080, 0.033
2.359, -0.060, 0.080, 0.034
2.375, -0.060, 0.080, 0.034
2.392, -0.060, 0.079, 0.034
2.409, -0.060, 0.080, 0.034
2.425, -0.060, 0.080, 0.034
2.442, -0.060, 0.079, 0.034
2.459, -0.060, 0.080, 0.034
2.475, -0.060, 0.080, 0.034
2.492, -0.060, 0.079, 0.034
2.509, -0.060, 0.080, 0.034
2.525, -0.060, 0.079, 0.034
2.542, -0.060, 0.079, 0.034
2.559, -0.060, 0.080, 0.034
2.575, -0.060, 0.079, 0.034
2.592, -0.060, 0.080, 0.034
2.609, -0.060, 0.080, 0.034
2.625, -0.060, 0.079, 0.034
2.642, -0.060, 0.080, 0.034
2.659, -0.060, 0.080, 0.034
2.675, -0.060, 0.079, 0.034
2.692, -0.060, 0.080, 0.034
2.709, -0.060, 0.080, 0.034
2.725, -0.060, 0.079, 0.034
2.742, -0.060, 0.080, 0.034
2.759, -0.060, 0.079, 0.034
2.775, -0.060, 0.079, 0.034
2.792, -0.060, 0.080, 0.034
2.809, -0.060, 0.079, 0.033
2.825, -0.060, 0.080, 0.034
2.842, -0.060, 0.080, 0.034
2.859, -0.060, 0.079, 0.033
2.875, -0.060, 0.080, 0.034
2.892, -0.060, 0.079, 0.034
2.909, -0.060, 0.079, 0.034
2.925, -0.060, 0.080, 0.034
2.942, -0.060, 0.079, 0.034
2.959, -0.060, 0.079, 0.034
2.975, -0.060, 0.080, 0.034
2.992, -0.060, 0.079, 0.034
3.009, -0.060, 0.080, 0.034
3.025, -0.060, 0.080, 0.034
3.042, -0.060, 0.079, 0.034
3.059, -0.060, 0.080, 0.034
3.075, -0.060, 0.080, 0.033
3.092, -0.060, 0.080, 0.034
3.109, -0.060, 0.080, 0.034
3.125, -0.060, 0.080, 0.034
3.142, -0.060, 0.079, 0.034
3.159, -0.060, 0.079, 0.034
3.175, -0.060, 0.079, 0.034
3.192, -0.060, 0.080, 0.034
3.209, -0.060, 0.079, 0.034
3.225, -0.060, 0.080, 0.034
3.242, -0.060, 0.080, 0.034
3.259, -0.060, 0.080, 0.034
3.275, -0.060, 0.080, 0.034
3.292, -0.060, 0.080, 0.033
3.309, -0.060, 0.079, 0.034
3.325, -0.060, 0.080, 0.034
3.342, -0.060, 0.080, 0.034
3.359, -0.060, 0.080, 0.034
3.375, -0.060, 0.080, 0.034
3.392, -0.060, 0.080, 0.034
3.409, -0.060, 0.080, 0.034
3.425, -0.060, 0.080, 0.034
3.442, -0.060, 0.080, 0.034
3.459, -0.060, 0.080, 0.033
3.475, -0.060, 0.079, 0.034
3.492, -0.060, 0.080, 0.033
3.509, -0.060, 0.080, 0.034
3.525, -0.060, 0.080, 0.034
3.542, -0.060, 0.079, 0.034
3.559, -0.060, 0.080, 0.034
3.575, -0.060, 0.080, 0.034
3.592, -0.060, 0.080, 0.034
3.609, -0.060, 0.080, 0.034
3.625, -0.060, 0.080, 0.034
3.642, -0.060, 0.080, 0.034
3.659, -0.060, 0.080, 0.034
3.675, -0.060, 0.080, 0.034
3.692, -0.060, 0.080, 0.033
3.709, -0.060, 0.080, 0.034
3.725, -0.060, 0.080, 0.034
3.742, -0.060, 0.080, 0.034
3.759, -0.060, 0.080, 0.034
3.775, -0.060, 0.080, 0.034
3.792, -0.060, 0.080, 0.034
3.809, -0.060, 0.080, 0.034
3.825, -0.060, 0.080, 0.034
3.842, -0.060, 0.080, 0.034
3.859, -0.060, 0.080, 0.034
3.875, -0.060, 0.080, 0.034
3.892, -0.060, 0.080, 0.034
3.909, -0.060, 0.080, 0.034
3.925, -0.060, 0.080, 0.034
3.942, -0.060, 0.080, 0.034
3.959, -0.060, 0.080, 0.034
3.975, -0.060, 0.080, 0.034
3.992, -0.060, 0.080, 0.034
4.009, -0.060, 0.080, 0.034
4.025, -0.060, 0.080, 0.033
4.042, -0.060, 0.080, 0.034
4.059, -0.060, 0.080, 0.034
4.075, -0.060, 0.080, 0.034
4.092, -0.060, 0.080, 0.034
4.109, -0.060, 0.080, 0.034
4.125, -0.060, 0.080, 0.034
4.142, -0.060, 0.080, 0.034
4.159, -0.060, 0.080, 0.034
4.175, -0.059, 0.079, 0.034
4.192, -0.060, 0.080, 0.034
4.209, -0.060, 0.080, 0.034
4.225, -0.060, 0.080, 0.034
4.242, -0.060, 0.080, 0.034
4.259, -0.060, 0.080, 0.034
4.275, -0.060, 0.080, 0.034
4.292, -0.060, 0.080, 0.034
4.309, -0.060, 0.080, 0.034
4.325, -0.060, 0.080, 0.034
4.342, -0.060, 0.080, 0.034
4.359, -0.060, 0.080, 0.034
4.375, -0.060, 0.080, 0.034
4.392, -0.060, 0.080, 0.034
4.409, -0.060, 0.079, 0.034
4.425, -0.060, 0.080, 0.034
4.442, -0.060, 0.079, 0.034
4.459, -0.060, 0.080, 0.034
4.475, -0.060, 0.080, 0.034
4.492, -0.060, 0.079, 0.034
4.509, -0.060, 0.080, 0.034
4.525, -0.060, 0.080, 0.034
4.542, -0.060, 0.079, 0.034
4.559, -0.060, 0.080, 0.034
4.575, -0.060, 0.080, 0.034
4.592, -0.059, 0.079, 0.034
4.609, -0.060, 0.080, 0.034
4.625, -0.060, 0.079, 0.034
4.642, -0.060, 0.079, 0.034
4.659, -0.060, 0.080, 0.034
4.675, -0.060, 0.079, 0.034
4.692, -0.060, 0.080, 0.034
4.709, -0.060, 0.079, 0.034
4.725, -0.060, 0.080, 0.034
4.742, -0.060, 0.080, 0.034
4.759, -0.060, 0.080, 0.034
4.775, -0.060, 0.079, 0.034
4.792, -0.060, 0.079, 0.034
4.809, -0.060, 0.080, 0.034
4.825, -0.060, 0.079, 0.034
4.842, -0.060, 0.079, 0.034
4.859, -0.060, 0.079, 0.034
4.875, -0.060, 0.080, 0.034
4.892, -0.060, 0.080, 0.034
4.909, -0.060, 0.080, 0.034
4.925, -0.060, 0.079, 0.034
4.942, -0.060, 0.080, 0.034
4.959, -0.059, 0.080, 0.033
4.975, -0.060, 0.080, 0.034
4.992, -0.060, 0.079, 0.034
5.009, -0.059, 0.079, 0.034
5.025, -0.060, 0.079, 0.034
5.042, -0.060, 0.080, 0.034
5.059, -0.060, 0.079, 0.034
5.075, -0.060, 0.080, 0.034
5.092, -0.059, 0.080, 0.034
5.109, -0.060, 0.080, 0.034
5.125, -0.060, 0.080, 0.034
5.142, -0.059, 0.079, 0.034
5.159, -0.059, 0.079, 0.034
5.175, -0.060, 0.079, 0.034
5.192, -0.059, 0.079, 0.034
5.209, -0.060, 0.080, 0.034
5.225, -0.060, 0.080, 0.034
5.242, -0.059, 0.079, 0.034
5.259, -0.060, 0.079, 0.034
5.275, -0.060, 0.079, 0.034
5.292, -0.059, 0.080, 0.034
5.309, -0.060, 0.080, 0.034
5.325, -0.059, 0.080, 0.034
5.342, -0.060, 0.080, 0.034
5.359, -0.059, 0.079, 0.034
5.375, -0.060, 0.079, 0.034
5.392, -0.059, 0.079, 0.034
5.409, -0.060, 0.079, 0.034
5.425, -0.059, 0.079, 0.034
5.442, -0.060, 0.079, 0.034
5.459, -0.059, 0.079, 0.035
5.475, -0.059, 0.080, 0.034
5.492, -0.060, 0.079, 0.034
5.509, -0.059, 0.079, 0.035
5.525, -0.060, 0.079, 0.034
5.542, -0.059, 0.079, 0.034
5.559, -0.059, 0.079, 0.035
5.575, -0.059, 0.079, 0.034
5.592, -0.059, 0.079, 0.034
5.609, -0.059, 0.079, 0.034
5.625, -0.059, 0.079, 0.034
5.642, -0.059, 0.079, 0.035
5.659, -0.059, 0.079, 0.035
5.675, -0.060, 0.079, 0.035
5.692, -0.060, 0.079, 0.035
5.709, -0.060, 0.079, 0.035
5.725, -0.060, 0.079, 0.035
5.742, -0.060, 0.079, 0.035
5.759, -0.060, 0.078, 0.034
5.775, -0.060, 0.078, 0.034
5.792, -0.060, 0.078, 0.035
5.809, -0.060, 0.078, 0.035
5.825, -0.060, 0.078, 0.035
5.842, -0.060, 0.078, 0.035
5.859, -0.061, 0.078, 0.035
5.875, -0.061, 0.078, 0.036
5.892, -0.061, 0.077, 0.036
5.909, -0.062, 0.077, 0.036
5.925, -0.062, 0.077, 0.037
5.942, -0.062, 0.077, 0.039
5.959, -0.062, 0.077, 0.040
5.975, -0.063, 0.076, 0.042
5.992, -0.063, 0.076, 0.043
6.009, -0.064, 0.076, 0.043
6.025, -0.064, 0.075, 0.046
6.042, -0.064, 0.075, 0.047
6.059, -0.065, 0.075, 0.050
6.075, -0.065, 0.074, 0.051
6.092, -0.065, 0.074, 0.053
6.109, -0.066, 0.074, 0.054
6.125, -0.066, 0.074, 0.057
6.142, -0.067, 0.073, 0.059
6.159, -0.067, 0.073, 0.062
6.175, -0.067, 0.073, 0.064
6.192, -0.068, 0.073, 0.066
6.209, -0.068, 0.073, 0.067
6.225, -0.068, 0.073, 0.070
6.242, -0.069, 0.073, 0.073
6.259, -0.069, 0.073, 0.077
6.275, -0.069, 0.073, 0.079
6.292, -0.070, 0.073, 0.082
6.309, -0.070, 0.073, 0.086
6.325, -0.070, 0.073, 0.088
6.342, -0.071, 0.073, 0.092
6.359, -0.071, 0.073, 0.094
6.375, -0.071, 0.073, 0.100
6.392, -0.071, 0.074, 0.105
6.409, -0.071, 0.074, 0.106
6.425, -0.072, 0.074, 0.113
6.442, -0.072, 0.074, 0.118
6.459, -0.073, 0.074, 0.127
6.475, -0.072, 0.074, 0.130
6.492, -0.073, 0.074, 0.135
6.509, -0.073, 0.074, 0.145
6.525, -0.073, 0.073, 0.148
6.542, -0.073, 0.073, 0.154
6.559, -0.072, 0.073, 0.158
6.575, -0.072, 0.073, 0.168
6.592, -0.072, 0.073, 0.175
6.609, -0.072, 0.072, 0.186
6.625, -0.071, 0.072, 0.189
6.642, -0.071, 0.072, 0.196
6.659, -0.070, 0.071, 0.206
6.675, -0.070, 0.071, 0.210
6.692, -0.069, 0.070, 0.217
6.709, -0.069, 0.070, 0.220
6.725, -0.068, 0.069, 0.230
6.742, -0.067, 0.068, 0.237
6.759, -0.066, 0.067, 0.241
6.775, -0.065, 0.066, 0.250
6.792, -0.064, 0.065, 0.256
6.809, -0.062, 0.064, 0.265
6.825, -0.062, 0.063, 0.268
6.842, -0.061, 0.062, 0.274
6.859, -0.060, 0.061, 0.277
6.875, -0.058, 0.060, 0.285
6.892, -0.057, 0.058, 0.291
6.909, -0.055, 0.056, 0.299
6.925, -0.054, 0.055, 0.301
6.942, -0.053, 0.054, 0.307
6.959, -0.052, 0.053, 0.309
6.975, -0.050, 0.051, 0.316
6.992, -0.049, 0.049, 0.321
7.009, -0.046, 0.047, 0.328
7.025, -0.045, 0.046, 0.330
7.042, -0.044, 0.044, 0.334
7.059, -0.043, 0.043, 0.336
7.075, -0.041, 0.040, 0.342
7.092, -0.039, 0.038, 0.346
7.109, -0.037, 0.035, 0.352
7.125, -0.036, 0.034, 0.354
7.142, -0.034, 0.032, 0.358
7.159, -0.032, 0.029, 0.364
7.175, -0.031, 0.028, 0.365
7.192, -0.030, 0.025, 0.369
7.209, -0.027, 0.022, 0.375
7.225, -0.026, 0.021, 0.376
7.242, -0.025, 0.019, 0.380
7.259, -0.022, 0.016, 0.385
7.275, -0.021, 0.015, 0.387
7.292, -0.020, 0.013, 0.390
7.309, -0.018, 0.010, 0.395
7.325, -0.017, 0.009, 0.397
7.342, -0.015, 0.007, 0.400
7.359, -0.015, 0.007, 0.402
7.375, -0.013, 0.004, 0.407
7.392, -0.011, 0.002, 0.410
7.409, -0.010, 0.000, 0.414
7.425, -0.008, -0.001, 0.415
7.442, -0.008, -0.002, 0.418
7.459, -0.006, -0.003, 0.423
7.475, -0.005, -0.004, 0.424
7.492, -0.004, -0.005, 0.427
7.509, -0.003, -0.006, 0.429
7.525, -0.002, -0.007, 0.432
7.542, -0.001, -0.008, 0.435
7.559, 0.000, -0.009, 0.438
7.575, 0.000, -0.009, 0.439
7.592, 0.002, -0.010, 0.442
7.609, 0.002, -0.010, 0.442
7.625, 0.003, -0.010, 0.446
7.642, 0.004, -0.011, 0.448
7.659, 0.005, -0.011, 0.450
7.675, 0.006, -0.011, 0.451
7.692, 0.006, -0.011, 0.453
7.709, 0.008, -0.011, 0.456
7.725, 0.008, -0.011, 0.456
7.742, 0.009, -0.011, 0.458
7.759, 0.009, -0.010, 0.459
7.775, 0.010, -0.010, 0.461
7.792, 0.010, -0.010, 0.462
7.809, 0.011, -0.009, 0.464
7.825, 0.012, -0.009, 0.465
7.842, 0.012, -0.008, 0.466
7.859, 0.012, -0.008, 0.467
7.875, 0.013, -0.007, 0.468
7.892, 0.014, -0.007, 0.469
7.909, 0.014, -0.006, 0.471
7.925, 0.014, -0.005, 0.471
7.942, 0.015, -0.005, 0.472
7.959, 0.015, -0.004, 0.473
7.975, 0.016, -0.003, 0.473
7.992, 0.016, -0.002, 0.474
8.009, 0.017, -0.001, 0.475
8.025, 0.017, -0.001, 0.475
8.042, 0.017, -0.000, 0.476
8.059, 0.018, 0.001, 0.477
8.075, 0.018, 0.001, 0.477
8.092, 0.018, 0.002, 0.478
8.109, 0.018, 0.002, 0.478
8.125, 0.019, 0.003, 0.479
8.142, 0.019, 0.003, 0.479
8.159, 0.019, 0.004, 0.480
8.175, 0.019, 0.005, 0.480
8.192, 0.019, 0.005, 0.481
8.209, 0.019, 0.005, 0.481
8.225, 0.020, 0.006, 0.482
8.242, 0.020, 0.006, 0.482
8.259, 0.020, 0.007, 0.483
8.275, 0.020, 0.007, 0.483
8.292, 0.020, 0.007, 0.483
8.309, 0.020, 0.007, 0.484
8.325, 0.020, 0.007, 0.484
8.342, 0.020, 0.007, 0.485
8.359, 0.020, 0.007, 0.485
8.375, 0.020, 0.007, 0.485
8.392, 0.020, 0.007, 0.485
8.409, 0.020, 0.007, 0.485
8.425, 0.020, 0.007, 0.486
8.442, 0.020, 0.006, 0.487
8.459, 0.020, 0.006, 0.487
8.475, 0.020, 0.005, 0.488
8.492, 0.020, 0.005, 0.488
8.509, 0.020, 0.004, 0.489
8.525, 0.020, 0.004, 0.490
8.542, 0.020, 0.003, 0.491
8.559, 0.020, 0.002, 0.492
8.575, 0.020, 0.002, 0.493
8.592, 0.020, 0.001, 0.494
8.608, 0.020, 0.000, 0.495
8.625, 0.020, -0.001, 0.496
8.642, 0.020, -0.002, 0.497
8.659, 0.020, -0.004, 0.499
8.675, 0.020, -0.004, 0.500
8.692, 0.020, -0.005, 0.501
8.709, 0.020, -0.006, 0.501
8.725, 0.020, -0.007, 0.503
8.742, 0.020, -0.009, 0.505
8.759, 0.020, -0.010, 0.506
8.775, 0.021, -0.011, 0.507
8.792, 0.021, -0.012, 0.508
8.808, 0.021, -0.013, 0.508
8.825, 0.021, -0.014, 0.510
8.842, 0.021, -0.015, 0.511
8.859, 0.022, -0.017, 0.513
8.875, 0.022, -0.018, 0.514
8.892, 0.022, -0.019, 0.515
8.909, 0.022, -0.019, 0.515
8.925, 0.022, -0.020, 0.517
8.942, 0.022, -0.021, 0.518
8.959, 0.023, -0.022, 0.519
8.975, 0.023, -0.023, 0.520
8.992, 0.023, -0.024, 0.521
9.009, 0.023, -0.025, 0.522
9.025, 0.023, -0.025, 0.523
9.042, 0.023, -0.026, 0.524
9.059, 0.023, -0.026, 0.524
9.075, 0.023, -0.027, 0.525
9.092, 0.023, -0.027, 0.526
9.109, 0.023, -0.028, 0.528
9.125, 0.023, -0.028, 0.528
9.142, 0.023, -0.028, 0.529
9.159, 0.022, -0.029, 0.530
9.175, 0.022, -0.029, 0.530
9.192, 0.022, -0.029, 0.531
9.209, 0.021, -0.030, 0.532
9.225, 0.021, -0.030, 0.532
9.242, 0.021, -0.030, 0.533
9.259, 0.020, -0.030, 0.534
9.275, 0.020, -0.030, 0.534
9.292, 0.019, -0.030, 0.535
9.309, 0.018, -0.030, 0.536
9.325, 0.018, -0.030, 0.536
9.342, 0.018, -0.030, 0.537
9.359, 0.017, -0.030, 0.538
9.375, 0.017, -0.030, 0.538
9.392, 0.016, -0.030, 0.538
9.409, 0.016, -0.030, 0.539
9.425, 0.015, -0.030, 0.539
9.442, 0.014, -0.030, 0.539
9.459, 0.014, -0.030, 0.540
9.475, 0.013, -0.030, 0.540
9.492, 0.013, -0.029, 0.540
9.509, 0.012, -0.029, 0.540
9.525, 0.012, -0.029, 0.540
9.543, 0.011, -0.029, 0.540
9.559, 0.010, -0.029, 0.540
9.575, 0.010, -0.029, 0.540
9.592, 0.009, -0.029, 0.540
9.609, 0.009, -0.028, 0.540
9.625, 0.008, -0.028, 0.539
9.642, 0.008, -0.028, 0.539
9.659, 0.007, -0.028, 0.538
9.675, 0.007, -0.028, 0.538
9.692, 0.007, -0.028, 0.537
9.709, 0.006, -0.028, 0.537
9.725, 0.006, -0.028, 0.536
9.742, 0.005, -0.028, 0.535
9.759, 0.005, -0.029, 0.534
9.775, 0.005, -0.029, 0.534
9.792, 0.005, -0.029, 0.533
9.809, 0.005, -0.029, 0.533
9.825, 0.004, -0.029, 0.531
9.842, 0.004, -0.029, 0.530
9.859, 0.004, -0.030, 0.529
9.875, 0.004, -0.030, 0.529
9.892, 0.004, -0.031, 0.528
9.909, 0.004, -0.032, 0.526
9.925, 0.004, -0.032, 0.526
9.942, 0.004, -0.033, 0.525
9.959, 0.005, -0.034, 0.523
9.983, 0.005, -0.034, 0.523
9.992, 0.005, -0.035, 0.522
10.009, 0.006, -0.036, 0.520
10.025, 0.006, -0.037, 0.520
10.042, 0.006, -0.037, 0.518
10.059, 0.007, -0.038, 0.517
10.075, 0.008, -0.039, 0.516
10.092, 0.009, -0.041, 0.515
10.109, 0.010, -0.042, 0.514
10.125, 0.010, -0.043, 0.513
10.142, 0.011, -0.044, 0.512
10.159, 0.012, -0.044, 0.512
10.175, 0.014, -0.046, 0.510
10.192, 0.015, -0.048, 0.509
10.209, 0.017, -0.049, 0.508
10.225, 0.018, -0.050, 0.508
10.242, 0.019, -0.051, 0.507
10.259, 0.020, -0.052, 0.506
10.275, 0.023, -0.054, 0.505
10.292, 0.025, -0.055, 0.505
10.309, 0.027, -0.057, 0.503
10.325, 0.028, -0.057, 0.503
10.342, 0.031, -0.059, 0.503
10.359, 0.034, -0.060, 0.503
10.375, 0.035, -0.061, 0.503
10.392, 0.037, -0.062, 0.502
10.409, 0.041, -0.063, 0.503
10.425, 0.042, -0.064, 0.503
10.442, 0.045, -0.065, 0.503
10.459, 0.049, -0.066, 0.503
10.475, 0.050, -0.067, 0.504
10.492, 0.053, -0.068, 0.504
10.509, 0.057, -0.069, 0.505
10.525, 0.059, -0.069, 0.505
10.542, 0.062, -0.070, 0.506
10.559, 0.067, -0.070, 0.507
10.575, 0.068, -0.071, 0.507
10.592, 0.071, -0.071, 0.508
10.609, 0.075, -0.071, 0.509
10.625, 0.078, -0.071, 0.509
10.642, 0.081, -0.071, 0.510
10.659, 0.086, -0.071, 0.511
10.675, 0.088, -0.071, 0.512
10.692, 0.092, -0.070, 0.513
10.709, 0.097, -0.069, 0.514
10.725, 0.099, -0.069, 0.514
10.742, 0.102, -0.068, 0.515
10.759, 0.106, -0.067, 0.516
10.775, 0.110, -0.066, 0.516
10.792, 0.113, -0.065, 0.517
10.809, 0.117, -0.064, 0.518
10.825, 0.120, -0.062, 0.518
10.842, 0.124, -0.061, 0.519
10.859, 0.130, -0.058, 0.520
10.875, 0.131, -0.057, 0.520
10.892, 0.135, -0.055, 0.521
10.909, 0.138, -0.053, 0.521
10.925, 0.142, -0.051, 0.521
10.942, 0.146, -0.049, 0.522
10.959, 0.151, -0.045, 0.522
10.975, 0.153, -0.044, 0.522
10.992, 0.156, -0.041, 0.523
11.009, 0.158, -0.040, 0.523
11.025, 0.163, -0.036, 0.523
11.042, 0.166, -0.033, 0.523
11.059, 0.168, -0.031, 0.523
11.075, 0.173, -0.027, 0.523
11.092, 0.176, -0.024, 0.523
11.109, 0.178, -0.022, 0.524
11.125, 0.182, -0.018, 0.524
11.142, 0.185, -0.015, 0.524
11.159, 0.188, -0.011, 0.524
11.175, 0.191, -0.008, 0.524
11.192, 0.194, -0.005, 0.524
11.209, 0.198, -0.001, 0.525
11.225, 0.199, 0.000, 0.525
11.242, 0.202, 0.003, 0.525
11.259, 0.203, 0.005, 0.525
11.275, 0.206, 0.009, 0.525
11.292, 0.209, 0.011, 0.526
11.309, 0.212, 0.015, 0.527
11.325, 0.213, 0.016, 0.526
11.342, 0.215, 0.019, 0.527
11.359, 0.216, 0.020, 0.527
11.375, 0.219, 0.023, 0.528
11.392, 0.221, 0.025, 0.528
11.409, 0.223, 0.027, 0.529
11.425, 0.224, 0.028, 0.530
11.442, 0.226, 0.030, 0.530
11.459, 0.227, 0.031, 0.530
11.475, 0.229, 0.032, 0.532
11.492, 0.230, 0.034, 0.532
11.509, 0.232, 0.035, 0.533
11.525, 0.233, 0.036, 0.533
11.542, 0.234, 0.037, 0.534
11.559, 0.235, 0.037, 0.534
11.575, 0.236, 0.038, 0.535
11.592, 0.237, 0.039, 0.535
11.609, 0.238, 0.039, 0.536
11.625, 0.239, 0.039, 0.536
11.642, 0.240, 0.039, 0.537
11.659, 0.240, 0.039, 0.537
11.675, 0.241, 0.040, 0.538
11.692, 0.241, 0.039, 0.538
11.709, 0.242, 0.039, 0.539
11.725, 0.242, 0.039, 0.539
11.742, 0.242, 0.038, 0.539
11.759, 0.242, 0.037, 0.540
11.775, 0.243, 0.037, 0.540
11.792, 0.243, 0.036, 0.540
11.809, 0.242, 0.035, 0.541
11.825, 0.242, 0.035, 0.541
11.842, 0.242, 0.034, 0.541
11.859, 0.242, 0.033, 0.541
11.875, 0.241, 0.032, 0.541
11.892, 0.241, 0.030, 0.541
11.909, 0.240, 0.028, 0.541
11.925, 0.240, 0.028, 0.541
11.942, 0.239, 0.027, 0.541
11.959, 0.239, 0.026, 0.541
11.975, 0.238, 0.024, 0.540
11.992, 0.237, 0.022, 0.540
12.009, 0.235, 0.020, 0.539
12.025, 0.235, 0.019, 0.539
12.042, 0.234, 0.018, 0.539
12.059, 0.233, 0.017, 0.538
12.075, 0.232, 0.015, 0.538
12.092, 0.231, 0.013, 0.537
12.109, 0.229, 0.011, 0.536
12.125, 0.228, 0.010, 0.536
12.142, 0.227, 0.009, 0.535
12.159, 0.226, 0.008, 0.535
12.175, 0.224, 0.006, 0.534
12.192, 0.223, 0.004, 0.534
12.209, 0.220, 0.002, 0.533
12.225, 0.219, 0.002, 0.533
12.242, 0.218, 0.000, 0.532
12.259, 0.217, -0.000, 0.532
12.275, 0.215, -0.002, 0.531
12.292, 0.213, -0.004, 0.531
12.309, 0.211, -0.005, 0.531
12.325, 0.210, -0.006, 0.530
12.342, 0.208, -0.007, 0.530
12.359, 0.205, -0.009, 0.530
12.375, 0.204, -0.010, 0.529
12.392, 0.202, -0.011, 0.529
12.409, 0.200, -0.013, 0.529
12.425, 0.199, -0.013, 0.529
12.442, 0.197, -0.014, 0.529
12.459, 0.194, -0.016, 0.530
12.475, 0.193, -0.016, 0.530
12.492, 0.191, -0.017, 0.530
12.509, 0.188, -0.018, 0.531
12.525, 0.186, -0.019, 0.531
12.542, 0.184, -0.020, 0.532
12.559, 0.181, -0.022, 0.533
12.575, 0.180, -0.022, 0.533
12.592, 0.178, -0.023, 0.534
12.608, 0.176, -0.024, 0.535
12.625, 0.173, -0.025, 0.536
12.642, 0.171, -0.026, 0.537
12.659, 0.168, -0.027, 0.537
12.675, 0.167, -0.028, 0.538
12.692, 0.164, -0.028, 0.539
12.709, 0.162, -0.029, 0.539
12.725, 0.159, -0.029, 0.540
12.742, 0.157, -0.030, 0.540
12.759, 0.153, -0.031, 0.541
12.775, 0.152, -0.031, 0.541
12.792, 0.149, -0.031, 0.542
12.809, 0.145, -0.032, 0.543
12.825, 0.144, -0.032, 0.543
12.842, 0.141, -0.032, 0.543
12.859, 0.140, -0.032, 0.543
12.875, 0.136, -0.032, 0.544
12.892, 0.133, -0.032, 0.544
12.909, 0.129, -0.032, 0.544
12.925, 0.127, -0.032, 0.544
12.942, 0.124, -0.032, 0.544
12.959, 0.120, -0.031, 0.544
12.975, 0.119, -0.031, 0.545
12.992, 0.116, -0.031, 0.545
13.009, 0.111, -0.030, 0.544
13.025, 0.110, -0.030, 0.545
13.042, 0.107, -0.030, 0.544
13.059, 0.103, -0.029, 0.544
13.075, 0.101, -0.029, 0.544
13.092, 0.099, -0.028, 0.544
13.109, 0.096, -0.028, 0.543
13.125, 0.093, -0.027, 0.543
13.142, 0.090, -0.027, 0.542
13.159, 0.089, -0.026, 0.542
13.175, 0.085, -0.025, 0.542
13.192, 0.082, -0.025, 0.541
13.209, 0.080, -0.024, 0.540
13.225, 0.077, -0.024, 0.540
13.242, 0.074, -0.023, 0.539
13.259, 0.071, -0.022, 0.538
13.275, 0.069, -0.022, 0.538
13.292, 0.067, -0.021, 0.538
13.309, 0.063, -0.020, 0.537
13.325, 0.062, -0.020, 0.536
13.342, 0.059, -0.019, 0.536
13.359, 0.058, -0.019, 0.536
13.375, 0.055, -0.018, 0.535
13.392, 0.052, -0.017, 0.534
13.409, 0.049, -0.016, 0.533
13.425, 0.048, -0.016, 0.533
13.442, 0.046, -0.016, 0.533
13.459, 0.042, -0.015, 0.532
13.475, 0.041, -0.014, 0.532
13.492, 0.039, -0.014, 0.531
13.509, 0.036, -0.013, 0.530
13.525, 0.035, -0.013, 0.530
13.542, 0.033, -0.012, 0.530
13.559, 0.032, -0.012, 0.530
13.575, 0.030, -0.011, 0.529
13.592, 0.028, -0.011, 0.529
13.609, 0.025, -0.010, 0.528
13.625, 0.024, -0.010, 0.528
13.642, 0.023, -0.010, 0.528
13.659, 0.020, -0.010, 0.528
13.675, 0.019, -0.010, 0.528
13.692, 0.018, -0.009, 0.527
13.709, 0.016, -0.009, 0.527
13.725, 0.015, -0.009, 0.527
13.742, 0.013, -0.009, 0.527
13.759, 0.011, -0.009, 0.526
13.775, 0.011, -0.009, 0.526
13.792, 0.009, -0.009, 0.526
13.809, 0.008, -0.009, 0.526
13.825, 0.007, -0.009, 0.526
13.842, 0.006, -0.009, 0.525
13.859, 0.004, -0.009, 0.525
13.875, 0.003, -0.009, 0.524
13.892, 0.003, -0.009, 0.524
13.909, 0.001, -0.009, 0.524
13.925, 0.001, -0.009, 0.523
13.942, -0.000, -0.009, 0.523
13.959, -0.002, -0.010, 0.522
13.975, -0.002, -0.010, 0.522
13.992, -0.003, -0.010, 0.521
14.009, -0.004, -0.010, 0.520
14.025, -0.005, -0.010, 0.520
14.042, -0.005, -0.011, 0.520
14.059, -0.006, -0.011, 0.519
14.075, -0.006, -0.011, 0.519
14.092, -0.007, -0.011, 0.518
14.109, -0.008, -0.012, 0.517
14.125, -0.008, -0.012, 0.517
14.142, -0.008, -0.012, 0.517
14.159, -0.009, -0.013, 0.516
14.175, -0.009, -0.013, 0.516
14.192, -0.009, -0.014, 0.515
14.209, -0.009, -0.014, 0.515
14.225, -0.009, -0.014, 0.515
14.242, -0.009, -0.015, 0.514
14.259, -0.009, -0.015, 0.514
14.275, -0.009, -0.016, 0.514
14.292, -0.010, -0.016, 0.513
14.309, -0.009, -0.017, 0.513
14.325, -0.009, -0.017, 0.513
14.342, -0.009, -0.018, 0.512
14.359, -0.009, -0.018, 0.512
14.375, -0.009, -0.019, 0.512
14.392, -0.009, -0.020, 0.512
14.409, -0.008, -0.021, 0.511
14.425, -0.008, -0.021, 0.511
14.442, -0.007, -0.021, 0.511
14.459, -0.007, -0.022, 0.511
14.475, -0.006, -0.023, 0.511
14.492, -0.006, -0.023, 0.511
14.509, -0.005, -0.024, 0.512
14.525, -0.004, -0.024, 0.512
14.542, -0.003, -0.025, 0.512
14.559, -0.003, -0.025, 0.512
14.575, -0.002, -0.026, 0.513
14.592, -0.001, -0.026, 0.513
14.609, 0.000, -0.027, 0.514
14.625, 0.001, -0.027, 0.515
14.642, 0.002, -0.027, 0.515
14.659, 0.004, -0.028, 0.517
14.675, 0.004, -0.028, 0.517
14.692, 0.006, -0.028, 0.518
14.709, 0.007, -0.028, 0.519
14.725, 0.008, -0.029, 0.520
14.742, 0.010, -0.029, 0.521
14.759, 0.012, -0.029, 0.523
14.775, 0.013, -0.029, 0.523
14.792, 0.014, -0.029, 0.524
14.809, 0.016, -0.029, 0.525
14.825, 0.018, -0.029, 0.526
14.842, 0.019, -0.029, 0.527
14.859, 0.022, -0.029, 0.529
14.875, 0.023, -0.029, 0.529
14.892, 0.024, -0.029, 0.530
14.909, 0.027, -0.029, 0.532
14.925, 0.028, -0.028, 0.532
14.942, 0.029, -0.028, 0.533
14.959, 0.031, -0.028, 0.533
14.975, 0.033, -0.028, 0.535
14.992, 0.035, -0.028, 0.536
15.009, 0.037, -0.027, 0.537
15.025, 0.038, -0.027, 0.537
15.042, 0.040, -0.027, 0.538
15.059, 0.042, -0.026, 0.539
15.075, 0.043, -0.026, 0.539
15.092, 0.045, -0.026, 0.539
15.109, 0.046, -0.025, 0.540
15.125, 0.047, -0.025, 0.540
15.142, 0.049, -0.025, 0.541
15.159, 0.051, -0.024, 0.541
15.175, 0.052, -0.024, 0.542
15.192, 0.053, -0.023, 0.542
15.209, 0.054, -0.023, 0.542
15.225, 0.055, -0.022, 0.543
15.242, 0.056, -0.022, 0.543
15.259, 0.058, -0.021, 0.543
15.275, 0.058, -0.021, 0.543
15.292, 0.059, -0.021, 0.543
15.309, 0.061, -0.020, 0.543
15.325, 0.061, -0.019, 0.543
15.342, 0.062, -0.019, 0.543
15.359, 0.062, -0.019, 0.543
15.375, 0.063, -0.018, 0.543
15.392, 0.064, -0.017, 0.543
15.409, 0.065, -0.017, 0.543
15.425, 0.065, -0.016, 0.543
15.442, 0.066, -0.016, 0.542
15.459, 0.066, -0.015, 0.542
15.475, 0.066, -0.015, 0.542
15.492, 0.067, -0.014, 0.542
15.509, 0.067, -0.013, 0.541
15.525, 0.067, -0.013, 0.541
15.542, 0.067, -0.012, 0.540
15.559, 0.067, -0.012, 0.540
15.575, 0.068, -0.011, 0.539
15.592, 0.067, -0.011, 0.539
15.609, 0.067, -0.010, 0.538
15.625, 0.067, -0.010, 0.538
15.642, 0.067, -0.009, 0.537
15.659, 0.067, -0.009, 0.537
15.675, 0.067, -0.008, 0.536
15.692, 0.067, -0.008, 0.536
15.709, 0.066, -0.007, 0.535
15.725, 0.066, -0.007, 0.534
15.742, 0.066, -0.007, 0.534
15.759, 0.065, -0.007, 0.533
15.775, 0.065, -0.006, 0.532
15.792, 0.064, -0.006, 0.531
15.809, 0.063, -0.006, 0.530
15.825, 0.063, -0.005, 0.529
15.842, 0.062, -0.005, 0.528
15.859, 0.061, -0.005, 0.527
15.875, 0.061, -0.005, 0.526
15.892, 0.060, -0.005, 0.525
15.909, 0.059, -0.004, 0.524
15.925, 0.058, -0.004, 0.523
15.942, 0.058, -0.004, 0.522
15.959, 0.056, -0.004, 0.521
15.975, 0.055, -0.004, 0.520
15.992, 0.054, -0.004, 0.520
16.009, 0.053, -0.004, 0.519
16.025, 0.052, -0.004, 0.518
16.042, 0.051, -0.004, 0.518
16.059, 0.049, -0.005, 0.517
16.075, 0.048, -0.005, 0.517
16.092, 0.047, -0.005, 0.516
16.108, 0.045, -0.005, 0.516
16.125, 0.044, -0.005, 0.516
16.142, 0.042, -0.005, 0.515
16.159, 0.039, -0.005, 0.515
16.175, 0.039, -0.005, 0.515
16.192, 0.037, -0.006, 0.515
16.208, 0.034, -0.006, 0.514
16.225, 0.033, -0.006, 0.514
16.242, 0.031, -0.006, 0.514
16.259, 0.028, -0.007, 0.514
16.275, 0.027, -0.007, 0.514
16.292, 0.025, -0.007, 0.514
16.309, 0.022, -0.007, 0.514
16.325, 0.020, -0.008, 0.514
16.342, 0.018, -0.008, 0.514
16.359, 0.017, -0.008, 0.514
16.375, 0.013, -0.009, 0.514
16.392, 0.011, -0.009, 0.514
16.409, 0.007, -0.010, 0.514
16.425, 0.006, -0.010, 0.514
16.442, 0.004, -0.010, 0.514
16.459, -0.001, -0.011, 0.514
16.475, -0.002, -0.011, 0.514
16.492, -0.005, -0.012, 0.514
16.509, -0.009, -0.012, 0.514
16.525, -0.010, -0.013, 0.514
16.542, -0.013, -0.013, 0.513
16.559, -0.014, -0.014, 0.514
16.575, -0.019, -0.014, 0.514
16.592, -0.022, -0.015, 0.514
16.609, -0.026, -0.016, 0.514
16.625, -0.028, -0.016, 0.514
16.642, -0.031, -0.016, 0.513
16.659, -0.035, -0.017, 0.513
16.675, -0.036, -0.018, 0.514
16.692, -0.040, -0.018, 0.513
16.709, -0.043, -0.019, 0.513
16.725, -0.046, -0.019, 0.513
16.742, -0.049, -0.020, 0.513
16.759, -0.054, -0.020, 0.513
16.775, -0.056, -0.021, 0.513
16.792, -0.059, -0.021, 0.513
16.809, -0.063, -0.021, 0.513
16.825, -0.066, -0.022, 0.512
16.842, -0.069, -0.022, 0.512
16.859, -0.074, -0.023, 0.512
16.875, -0.076, -0.023, 0.513
16.892, -0.079, -0.023, 0.513
16.909, -0.084, -0.024, 0.513
16.925, -0.086, -0.024, 0.513
16.942, -0.090, -0.024, 0.513
16.959, -0.091, -0.025, 0.513
16.975, -0.097, -0.025, 0.513
16.992, -0.100, -0.026, 0.513
17.009, -0.105, -0.026, 0.513
17.025, -0.107, -0.026, 0.514
17.042, -0.110, -0.026, 0.514
17.059, -0.112, -0.027, 0.513
17.075, -0.117, -0.027, 0.513
17.092, -0.120, -0.027, 0.513
17.109, -0.125, -0.028, 0.513
17.125, -0.126, -0.028, 0.513
17.142, -0.129, -0.028, 0.513
17.159, -0.134, -0.028, 0.513
17.175, -0.136, -0.028, 0.513
17.192, -0.139, -0.029, 0.512
17.209, -0.142, -0.029, 0.512
17.225, -0.145, -0.029, 0.512
17.242, -0.148, -0.029, 0.512
17.259, -0.152, -0.029, 0.511
17.275, -0.153, -0.029, 0.511
17.292, -0.156, -0.029, 0.511
17.309, -0.160, -0.029, 0.510
17.325, -0.162, -0.029, 0.510
17.342, -0.164, -0.029, 0.510
17.359, -0.166, -0.029, 0.509
17.375, -0.170, -0.029, 0.509
17.392, -0.172, -0.029, 0.509
17.409, -0.176, -0.029, 0.508
17.425, -0.177, -0.029, 0.508
17.442, -0.179, -0.029, 0.507
17.459, -0.183, -0.029, 0.507
17.475, -0.184, -0.029, 0.507
17.492, -0.186, -0.028, 0.507
17.509, -0.189, -0.028, 0.506
17.525, -0.191, -0.028, 0.506
17.542, -0.193, -0.028, 0.505
17.559, -0.196, -0.027, 0.505
17.575, -0.197, -0.027, 0.505
17.592, -0.199, -0.027, 0.504
17.609, -0.201, -0.026, 0.504
17.625, -0.203, -0.026, 0.504
17.642, -0.205, -0.026, 0.503
17.659, -0.207, -0.025, 0.502
17.675, -0.208, -0.025, 0.502
17.692, -0.210, -0.024, 0.502
17.709, -0.212, -0.024, 0.502
17.725, -0.213, -0.024, 0.501
17.742, -0.215, -0.023, 0.501
17.759, -0.217, -0.023, 0.500
17.775, -0.218, -0.023, 0.500
17.792, -0.219, -0.022, 0.500
17.809, -0.221, -0.022, 0.499
17.825, -0.222, -0.021, 0.498
17.842, -0.224, -0.020, 0.498
17.859, -0.226, -0.020, 0.497
17.875, -0.226, -0.020, 0.497
17.892, -0.228, -0.019, 0.496
17.909, -0.229, -0.019, 0.496
17.925, -0.230, -0.019, 0.495
17.942, -0.231, -0.018, 0.495
17.959, -0.233, -0.017, 0.494
17.975, -0.233, -0.017, 0.494
17.992, -0.234, -0.017, 0.493
18.009, -0.236, -0.017, 0.492
18.025, -0.236, -0.016, 0.492
18.042, -0.237, -0.016, 0.492
18.059, -0.238, -0.015, 0.491
18.075, -0.239, -0.016, 0.491
18.092, -0.239, -0.015, 0.491
18.109, -0.240, -0.015, 0.490
18.125, -0.240, -0.015, 0.490
18.142, -0.241, -0.015, 0.490
18.159, -0.241, -0.015, 0.490
18.175, -0.242, -0.014, 0.490
18.192, -0.243, -0.014, 0.490
18.209, -0.243, -0.014, 0.489
18.225, -0.243, -0.014, 0.489
18.242, -0.243, -0.014, 0.489
18.259, -0.244, -0.014, 0.490
18.275, -0.244, -0.014, 0.490
18.292, -0.244, -0.014, 0.490
18.309, -0.244, -0.014, 0.490
18.325, -0.245, -0.014, 0.490
18.342, -0.245, -0.014, 0.490
18.359, -0.245, -0.014, 0.490
18.375, -0.245, -0.014, 0.490
18.392, -0.245, -0.014, 0.491
18.409, -0.244, -0.014, 0.491
18.425, -0.244, -0.015, 0.491
18.442, -0.244, -0.014, 0.492
18.459, -0.244, -0.014, 0.492
18.475, -0.244, -0.014, 0.492
18.492, -0.243, -0.015, 0.492
18.509, -0.243, -0.015, 0.493
18.525, -0.243, -0.015, 0.493
18.542, -0.242, -0.015, 0.493
18.559, -0.242, -0.015, 0.493
18.575, -0.241, -0.015, 0.494
18.592, -0.241, -0.014, 0.494
18.609, -0.240, -0.015, 0.495
18.625, -0.239, -0.015, 0.495
18.642, -0.238, -0.015, 0.495
18.659, -0.238, -0.014, 0.496
18.675, -0.237, -0.015, 0.496
18.692, -0.236, -0.014, 0.496
18.709, -0.235, -0.014, 0.497
18.725, -0.234, -0.014, 0.498
18.742, -0.233, -0.014, 0.498
18.759, -0.233, -0.013, 0.498
18.775, -0.231, -0.013, 0.499
18.792, -0.230, -0.013, 0.500
18.809, -0.228, -0.013, 0.500
18.825, -0.227, -0.012, 0.501
18.842, -0.226, -0.012, 0.501
18.859, -0.224, -0.011, 0.502
18.875, -0.223, -0.011, 0.503
18.892, -0.222, -0.011, 0.503
18.909, -0.220, -0.010, 0.504
18.925, -0.219, -0.010, 0.505
18.942, -0.218, -0.009, 0.506
18.959, -0.216, -0.008, 0.508
18.975, -0.215, -0.008, 0.508
18.992, -0.214, -0.007, 0.509
19.009, -0.212, -0.007, 0.511
19.025, -0.211, -0.007, 0.511
19.042, -0.210, -0.006, 0.512
19.059, -0.209, -0.006, 0.513
19.075, -0.207, -0.005, 0.514
19.092, -0.206, -0.004, 0.515
19.109, -0.204, -0.003, 0.516
19.125, -0.204, -0.003, 0.517
19.142, -0.203, -0.003, 0.518
19.159, -0.201, -0.002, 0.518
19.175, -0.200, -0.001, 0.519
19.192, -0.199, -0.001, 0.519
19.209, -0.197, -0.001, 0.521
19.225, -0.197, -0.000, 0.521
19.242, -0.196, 0.000, 0.521
19.259, -0.195, 0.001, 0.521
19.275, -0.194, 0.001, 0.521
19.292, -0.193, 0.001, 0.522
19.309, -0.192, 0.001, 0.522
19.325, -0.192, 0.001, 0.522
19.342, -0.191, 0.002, 0.522
19.359, -0.190, 0.002, 0.522
19.375, -0.190, 0.002, 0.522
19.392, -0.189, 0.002, 0.522
19.409, -0.188, 0.002, 0.522
19.425, -0.188, 0.002, 0.521
19.442, -0.188, 0.002, 0.521
19.459, -0.187, 0.002, 0.521
19.475, -0.187, 0.003, 0.521
19.492, -0.186, 0.003, 0.521
19.509, -0.186, 0.002, 0.520
19.525, -0.186, 0.002, 0.520
19.542, -0.185, 0.002, 0.520
19.559, -0.185, 0.002, 0.519
19.575, -0.185, 0.002, 0.519
19.592, -0.184, 0.002, 0.518
19.609, -0.184, 0.002, 0.518
19.625, -0.184, 0.002, 0.517
19.642, -0.184, 0.002, 0.517
19.659, -0.184, 0.001, 0.517
19.675, -0.184, 0.001, 0.517
19.692, -0.184, 0.001, 0.516
19.709, -0.184, 0.001, 0.516
19.725, -0.184, 0.001, 0.516
19.742, -0.184, 0.000, 0.516
19.759, -0.184, 0.000, 0.516
19.775, -0.184, -0.000, 0.516
19.792, -0.184, -0.001, 0.516
19.809, -0.184, -0.001, 0.517
19.825, -0.184, -0.001, 0.517
19.842, -0.185, -0.001, 0.518
19.859, -0.185, -0.002, 0.519
19.875, -0.185, -0.002, 0.519
19.892, -0.185, -0.002, 0.520
19.909, -0.185, -0.002, 0.520
19.925, -0.186, -0.002, 0.521
19.942, -0.186, -0.002, 0.522
19.959, -0.186, -0.003, 0.523
19.975, -0.187, -0.003, 0.524
19.992, -0.187, -0.003, 0.525
20.009, -0.187, -0.003, 0.525
20.025, -0.188, -0.004, 0.526
20.042, -0.188, -0.004, 0.527
20.059, -0.188, -0.004, 0.527
20.075, -0.189, -0.004, 0.528
20.092, -0.190, -0.005, 0.529
20.109, -0.191, -0.005, 0.530
20.125, -0.191, -0.005, 0.530
20.142, -0.192, -0.006, 0.531
20.159, -0.192, -0.006, 0.531
20.175, -0.193, -0.006, 0.531
20.192, -0.194, -0.007, 0.532
20.209, -0.195, -0.007, 0.532
20.225, -0.196, -0.007, 0.533
20.242, -0.197, -0.008, 0.533
20.259, -0.198, -0.008, 0.533
20.275, -0.198, -0.009, 0.533
20.292, -0.199, -0.009, 0.533
20.309, -0.201, -0.009, 0.533
20.325, -0.201, -0.010, 0.534
20.342, -0.203, -0.010, 0.534
20.359, -0.204, -0.011, 0.534
20.375, -0.204, -0.011, 0.534
20.392, -0.205, -0.011, 0.533
20.409, -0.206, -0.012, 0.533
20.425, -0.208, -0.012, 0.533
20.442, -0.209, -0.012, 0.533
20.459, -0.211, -0.013, 0.533
20.475, -0.211, -0.013, 0.533
20.492, -0.212, -0.014, 0.533
20.509, -0.214, -0.014, 0.532
20.525, -0.215, -0.014, 0.532
20.542, -0.216, -0.015, 0.532
20.559, -0.217, -0.015, 0.532
20.575, -0.219, -0.016, 0.532
20.592, -0.221, -0.016, 0.532
20.609, -0.223, -0.017, 0.531
20.625, -0.224, -0.017, 0.531
20.642, -0.225, -0.017, 0.531
20.659, -0.226, -0.017, 0.531
20.675, -0.228, -0.018, 0.530
20.692, -0.230, -0.018, 0.529
20.709, -0.233, -0.019, 0.529
20.725, -0.233, -0.019, 0.529
20.742, -0.235, -0.019, 0.528
20.759, -0.236, -0.019, 0.528
20.775, -0.239, -0.019, 0.527
20.792, -0.240, -0.020, 0.527
20.809, -0.243, -0.020, 0.526
20.825, -0.244, -0.020, 0.526
20.842, -0.246, -0.020, 0.525
20.859, -0.247, -0.020, 0.525
20.875, -0.250, -0.021, 0.524
20.892, -0.251, -0.021, 0.524
20.909, -0.254, -0.021, 0.523
20.925, -0.255, -0.021, 0.522
20.942, -0.257, -0.022, 0.522
20.959, -0.260, -0.022, 0.521
20.975, -0.261, -0.022, 0.520
20.992, -0.263, -0.022, 0.520
21.009, -0.265, -0.023, 0.519
21.025, -0.267, -0.023, 0.519
21.042, -0.268, -0.023, 0.518
21.059, -0.271, -0.024, 0.517
21.075, -0.272, -0.024, 0.517
21.092, -0.274, -0.024, 0.517
21.109, -0.275, -0.025, 0.516
21.125, -0.277, -0.025, 0.516
21.142, -0.279, -0.025, 0.515
21.159, -0.281, -0.026, 0.515
21.175, -0.282, -0.026, 0.515
21.192, -0.283, -0.026, 0.515
21.209, -0.285, -0.027, 0.514
21.225, -0.286, -0.027, 0.514
21.242, -0.288, -0.027, 0.514
21.259, -0.288, -0.028, 0.514
21.275, -0.290, -0.028, 0.514
21.292, -0.292, -0.029, 0.514
21.309, -0.294, -0.029, 0.513
21.325, -0.295, -0.029, 0.513
21.342, -0.296, -0.029, 0.512
21.359, -0.297, -0.029, 0.512
21.375, -0.299, -0.030, 0.511
21.392, -0.300, -0.030, 0.511
21.409, -0.302, -0.030, 0.510
21.425, -0.302, -0.030, 0.509
21.442, -0.304, -0.030, 0.508
21.459, -0.305, -0.030, 0.507
21.475, -0.306, -0.030, 0.507
21.492, -0.307, -0.030, 0.506
21.509, -0.308, -0.030, 0.505
21.525, -0.309, -0.030, 0.504
21.542, -0.311, -0.030, 0.503
21.559, -0.312, -0.029, 0.502
21.575, -0.312, -0.029, 0.501
21.592, -0.314, -0.029, 0.500
21.609, -0.315, -0.028, 0.499
21.625, -0.315, -0.028, 0.499
21.642, -0.316, -0.028, 0.498
21.659, -0.317, -0.027, 0.498
21.675, -0.318, -0.027, 0.497
21.692, -0.319, -0.026, 0.496
21.709, -0.320, -0.026, 0.495
21.725, -0.320, -0.026, 0.495
21.742, -0.321, -0.025, 0.494
21.759, -0.321, -0.025, 0.494
21.775, -0.322, -0.025, 0.493
21.792, -0.322, -0.024, 0.493
21.809, -0.323, -0.024, 0.493
21.825, -0.323, -0.023, 0.492
21.842, -0.323, -0.023, 0.492
21.859, -0.323, -0.023, 0.492
21.875, -0.324, -0.023, 0.492
21.892, -0.324, -0.022, 0.491
21.909, -0.325, -0.022, 0.491
21.925, -0.325, -0.021, 0.490
21.942, -0.325, -0.021, 0.490
21.959, -0.325, -0.021, 0.490
21.975, -0.325, -0.021, 0.490
21.992, -0.325, -0.021, 0.490
22.008, -0.325, -0.020, 0.490
22.025, -0.325, -0.020, 0.490
22.042, -0.325, -0.020, 0.491
22.059, -0.325, -0.020, 0.491
22.075, -0.325, -0.020, 0.491
22.092, -0.325, -0.020, 0.492
22.109, -0.325, -0.020, 0.492
22.125, -0.325, -0.020, 0.493
22.142, -0.325, -0.020, 0.493
22.159, -0.325, -0.020, 0.493
22.175, -0.325, -0.020, 0.494
22.192, -0.324, -0.020, 0.494
22.209, -0.324, -0.021, 0.495
22.225, -0.324, -0.021, 0.495
22.242, -0.323, -0.021, 0.495
22.259, -0.323, -0.021, 0.495
22.275, -0.322, -0.022, 0.496
22.292, -0.322, -0.022, 0.496
22.309, -0.321, -0.022, 0.496
22.325, -0.321, -0.022, 0.496
22.342, -0.320, -0.023, 0.497
22.359, -0.319, -0.023, 0.497
22.375, -0.319, -0.024, 0.497
22.392, -0.318, -0.024, 0.497
22.409, -0.317, -0.024, 0.497
22.425, -0.316, -0.025, 0.498
22.442, -0.315, -0.025, 0.498
22.459, -0.314, -0.026, 0.498
22.475, -0.313, -0.026, 0.498
22.492, -0.312, -0.027, 0.498
22.509, -0.311, -0.027, 0.498
22.525, -0.310, -0.027, 0.498
22.542, -0.309, -0.028, 0.498
22.559, -0.307, -0.028, 0.498
22.575, -0.306, -0.029, 0.498
22.592, -0.304, -0.029, 0.498
22.609, -0.303, -0.029, 0.498
22.625, -0.301, -0.031, 0.498
22.642, -0.300, -0.031, 0.498
22.659, -0.299, -0.031, 0.498
22.675, -0.297, -0.032, 0.498
22.692, -0.295, -0.033, 0.498
22.709, -0.292, -0.034, 0.498
22.725, -0.291, -0.034, 0.498
22.742, -0.289, -0.034, 0.497
22.759, -0.288, -0.035, 0.497
22.775, -0.285, -0.036, 0.497
22.792, -0.283, -0.037, 0.497
22.809, -0.280, -0.038, 0.497
22.825, -0.279, -0.038, 0.497
22.842, -0.276, -0.039, 0.497
22.859, -0.275, -0.039, 0.497
22.875, -0.272, -0.039, 0.497
22.892, -0.270, -0.040, 0.496
22.909, -0.266, -0.041, 0.496
22.925, -0.265, -0.042, 0.496
22.942, -0.262, -0.043, 0.496
22.959, -0.259, -0.043, 0.496
22.975, -0.258, -0.043, 0.496
22.992, -0.256, -0.044, 0.496
23.009, -0.254, -0.045, 0.497
23.025, -0.251, -0.045, 0.497
23.042, -0.249, -0.045, 0.497
23.059, -0.246, -0.046, 0.498
23.075, -0.245, -0.046, 0.498
23.092, -0.243, -0.047, 0.499
23.109, -0.240, -0.047, 0.500
23.125, -0.239, -0.048, 0.501
23.142, -0.237, -0.048, 0.502
23.159, -0.236, -0.048, 0.502
23.175, -0.233, -0.048, 0.503
23.192, -0.231, -0.048, 0.504
23.209, -0.228, -0.049, 0.505
23.225, -0.228, -0.049, 0.505
23.242, -0.226, -0.049, 0.506
23.259, -0.225, -0.049, 0.506
23.275, -0.223, -0.049, 0.507
23.292, -0.221, -0.049, 0.507
23.309, -0.219, -0.048, 0.507
23.325, -0.218, -0.048, 0.508
23.342, -0.217, -0.048, 0.508
23.359, -0.216, -0.048, 0.508
23.375, -0.214, -0.048, 0.508
23.392, -0.212, -0.048, 0.508
23.409, -0.210, -0.047, 0.508
23.425, -0.210, -0.047, 0.508
23.442, -0.208, -0.046, 0.509
23.459, -0.206, -0.046, 0.509
23.475, -0.206, -0.046, 0.509
23.492, -0.205, -0.045, 0.509
23.509, -0.203, -0.045, 0.509
23.525, -0.202, -0.044, 0.509
23.542, -0.201, -0.044, 0.509
23.559, -0.200, -0.042, 0.508
23.575, -0.199, -0.042, 0.508
23.592, -0.198, -0.042, 0.508
23.609, -0.197, -0.040, 0.507
23.625, -0.196, -0.040, 0.507
23.642, -0.195, -0.039, 0.507
23.659, -0.195, -0.039, 0.507
23.675, -0.194, -0.038, 0.507
23.692, -0.193, -0.037, 0.506
23.709, -0.192, -0.036, 0.506
23.725, -0.192, -0.036, 0.506
23.742, -0.191, -0.035, 0.505
23.759, -0.190, -0.034, 0.505
23.775, -0.190, -0.034, 0.505
23.792, -0.190, -0.033, 0.504
23.809, -0.189, -0.032, 0.504
23.825, -0.189, -0.032, 0.503
23.842, -0.189, -0.031, 0.503
23.859, -0.188, -0.030, 0.503
23.875, -0.188, -0.030, 0.503
23.892, -0.188, -0.029, 0.502
23.909, -0.188, -0.028, 0.501
23.925, -0.188, -0.028, 0.501
23.942, -0.188, -0.027, 0.501
23.959, -0.188, -0.026, 0.500
23.975, -0.188, -0.026, 0.500
23.992, -0.188, -0.025, 0.500
24.009, -0.188, -0.024, 0.500
24.025, -0.189, -0.024, 0.499
24.042, -0.189, -0.023, 0.499
24.059, -0.190, -0.023, 0.499
24.075, -0.190, -0.022, 0.499
24.092, -0.190, -0.022, 0.499
24.109, -0.191, -0.022, 0.500
24.125, -0.192, -0.021, 0.500
24.142, -0.192, -0.021, 0.500
24.159, -0.193, -0.020, 0.501
24.175, -0.194, -0.020, 0.501
24.192, -0.195, -0.020, 0.501
24.209, -0.196, -0.019, 0.501
24.225, -0.196, -0.019, 0.501
24.242, -0.197, -0.019, 0.501
24.259, -0.198, -0.019, 0.501
24.275, -0.199, -0.019, 0.501
24.292, -0.200, -0.019, 0.500
24.309, -0.202, -0.019, 0.500
24.325, -0.203, -0.019, 0.500
24.342, -0.204, -0.018, 0.499
24.359, -0.206, -0.018, 0.499
24.375, -0.207, -0.018, 0.498
24.392, -0.208, -0.018, 0.498
24.409, -0.210, -0.018, 0.497
24.425, -0.211, -0.018, 0.497
24.442, -0.213, -0.019, 0.496
24.459, -0.215, -0.019, 0.496
24.475, -0.216, -0.019, 0.495
24.492, -0.218, -0.019, 0.495
24.509, -0.219, -0.019, 0.495
24.525, -0.221, -0.019, 0.494
24.542, -0.224, -0.019, 0.494
24.559, -0.226, -0.019, 0.494
24.575, -0.227, -0.019, 0.493
24.592, -0.229, -0.020, 0.494
24.609, -0.231, -0.020, 0.493
24.625, -0.234, -0.020, 0.493
24.642, -0.237, -0.020, 0.493
24.659, -0.239, -0.021, 0.493
24.675, -0.240, -0.021, 0.493
24.692, -0.243, -0.021, 0.493
24.709, -0.245, -0.021, 0.493
24.725, -0.248, -0.021, 0.493
24.742, -0.250, -0.021, 0.493
24.759, -0.254, -0.022, 0.493
24.775, -0.255, -0.022, 0.493
24.792, -0.258, -0.022, 0.494
24.809, -0.262, -0.022, 0.494
24.825, -0.263, -0.022, 0.494
24.842, -0.268, -0.022, 0.494
24.859, -0.270, -0.022, 0.495
24.875, -0.272, -0.022, 0.495
24.892, -0.275, -0.022, 0.495
24.909, -0.279, -0.022, 0.495
24.925, -0.280, -0.022, 0.495
24.942, -0.283, -0.022, 0.496
24.959, -0.285, -0.022, 0.496
24.975, -0.289, -0.022, 0.497
24.992, -0.292, -0.022, 0.497
25.009, -0.296, -0.021, 0.498
25.025, -0.297, -0.021, 0.498
25.042, -0.300, -0.021, 0.498
25.059, -0.302, -0.021, 0.499
25.075, -0.306, -0.020, 0.499
25.092, -0.309, -0.020, 0.500
25.109, -0.313, -0.019, 0.500
25.125, -0.314, -0.019, 0.500
25.142, -0.318, -0.019, 0.501
25.159, -0.321, -0.018, 0.501
25.175, -0.322, -0.018, 0.502
25.192, -0.325, -0.018, 0.502
25.209, -0.327, -0.018, 0.502
25.225, -0.330, -0.017, 0.502
25.242, -0.334, -0.016, 0.503
25.259, -0.336, -0.016, 0.503
25.275, -0.338, -0.016, 0.503
25.292, -0.340, -0.015, 0.503
25.309, -0.343, -0.015, 0.503
25.325, -0.345, -0.014, 0.504
25.342, -0.348, -0.014, 0.503
25.359, -0.351, -0.014, 0.503
25.375, -0.352, -0.013, 0.504
25.392, -0.355, -0.013, 0.503
25.409, -0.358, -0.012, 0.503
25.425, -0.359, -0.012, 0.503
25.442, -0.361, -0.012, 0.503
25.459, -0.362, -0.012, 0.503
25.475, -0.366, -0.011, 0.503
25.492, -0.368, -0.011, 0.503
25.509, -0.371, -0.011, 0.502
25.525, -0.372, -0.010, 0.502
25.542, -0.375, -0.010, 0.501
25.559, -0.377, -0.010, 0.501
25.575, -0.378, -0.010, 0.501
25.592, -0.380, -0.010, 0.500
25.609, -0.381, -0.009, 0.499
25.625, -0.383, -0.009, 0.499
25.642, -0.386, -0.009, 0.498
25.659, -0.388, -0.009, 0.497
25.675, -0.388, -0.009, 0.496
25.692, -0.390, -0.009, 0.495
25.709, -0.392, -0.008, 0.494
25.725, -0.393, -0.008, 0.493
25.742, -0.396, -0.008, 0.491
25.759, -0.397, -0.008, 0.490
25.775, -0.398, -0.008, 0.490
25.792, -0.400, -0.008, 0.488
25.809, -0.402, -0.008, 0.487
25.825, -0.403, -0.008, 0.486
25.842, -0.405, -0.008, 0.484
25.859, -0.406, -0.008, 0.483
25.875, -0.407, -0.008, 0.482
25.892, -0.408, -0.008, 0.481
25.908, -0.409, -0.008, 0.480
25.925, -0.411, -0.008, 0.479
25.942, -0.412, -0.009, 0.477
25.959, -0.414, -0.009, 0.476
25.975, -0.414, -0.009, 0.476
25.992, -0.415, -0.008, 0.474
26.009, -0.416, -0.009, 0.473
26.025, -0.417, -0.009, 0.472
26.042, -0.419, -0.009, 0.470
26.059, -0.420, -0.009, 0.469
26.075, -0.420, -0.009, 0.469
26.092, -0.421, -0.009, 0.468
26.108, -0.422, -0.009, 0.467
26.125, -0.423, -0.009, 0.466
26.142, -0.424, -0.009, 0.465
26.159, -0.425, -0.009, 0.464
26.175, -0.425, -0.009, 0.464
26.192, -0.426, -0.010, 0.463
26.209, -0.427, -0.010, 0.462
26.225, -0.427, -0.010, 0.462
26.242, -0.428, -0.010, 0.461
26.259, -0.428, -0.010, 0.461
26.275, -0.429, -0.010, 0.461
26.292, -0.429, -0.010, 0.460
26.309, -0.430, -0.011, 0.460
26.325, -0.430, -0.011, 0.459
26.342, -0.430, -0.011, 0.459
26.359, -0.431, -0.011, 0.459
26.375, -0.431, -0.011, 0.459
26.392, -0.431, -0.012, 0.459
26.408, -0.431, -0.012, 0.458
26.425, -0.431, -0.012, 0.458
26.442, -0.432, -0.013, 0.458
26.459, -0.432, -0.013, 0.458
26.475, -0.432, -0.013, 0.458
26.492, -0.432, -0.014, 0.458
26.509, -0.432, -0.014, 0.458
26.525, -0.432, -0.015, 0.458
26.542, -0.432, -0.016, 0.458
26.559, -0.432, -0.016, 0.458
26.575, -0.432, -0.016, 0.458
26.592, -0.432, -0.017, 0.458
26.608, -0.432, -0.017, 0.458
26.625, -0.432, -0.018, 0.458
26.642, -0.433, -0.019, 0.458
26.659, -0.433, -0.019, 0.458
26.675, -0.433, -0.019, 0.458
26.692, -0.433, -0.020, 0.458
26.709, -0.433, -0.021, 0.458
26.725, -0.433, -0.021, 0.458
26.742, -0.433, -0.021, 0.458
26.759, -0.432, -0.022, 0.458
26.775, -0.432, -0.022, 0.458
26.792, -0.432, -0.022, 0.458
26.809, -0.432, -0.023, 0.459
26.825, -0.432, -0.023, 0.459
26.842, -0.431, -0.023, 0.460
26.859, -0.431, -0.023, 0.460
26.875, -0.431, -0.023, 0.460
26.892, -0.431, -0.024, 0.460
26.909, -0.431, -0.024, 0.461
26.925, -0.430, -0.024, 0.462
26.942, -0.430, -0.024, 0.463
26.959, -0.430, -0.024, 0.463
26.975, -0.429, -0.024, 0.464
26.992, -0.429, -0.024, 0.464
27.008, -0.429, -0.024, 0.465
27.025, -0.429, -0.024, 0.465
27.042, -0.429, -0.024, 0.466
27.059, -0.428, -0.025, 0.467
27.075, -0.428, -0.025, 0.467
27.092, -0.428, -0.025, 0.467
27.109, -0.428, -0.025, 0.468
27.125, -0.428, -0.025, 0.468
27.142, -0.428, -0.026, 0.468
27.159, -0.428, -0.026, 0.468
27.175, -0.429, -0.026, 0.469
27.192, -0.429, -0.027, 0.469
27.209, -0.429, -0.027, 0.470
27.225, -0.429, -0.027, 0.470
27.242, -0.430, -0.028, 0.470
27.259, -0.430, -0.028, 0.470
27.275, -0.431, -0.029, 0.470
27.292, -0.431, -0.029, 0.470
27.309, -0.432, -0.029, 0.470
27.325, -0.433, -0.030, 0.470
27.342, -0.433, -0.030, 0.470
27.359, -0.435, -0.031, 0.470
27.375, -0.435, -0.031, 0.470
27.392, -0.436, -0.031, 0.470
27.409, -0.437, -0.032, 0.469
27.425, -0.438, -0.032, 0.469
27.442, -0.439, -0.033, 0.469
27.459, -0.441, -0.033, 0.469
27.475, -0.441, -0.033, 0.468
27.492, -0.442, -0.033, 0.468
27.509, -0.444, -0.034, 0.469
27.525, -0.445, -0.034, 0.468
27.542, -0.447, -0.035, 0.468
27.559, -0.448, -0.035, 0.469
27.575, -0.449, -0.035, 0.469
27.592, -0.451, -0.035, 0.469
27.609, -0.453, -0.036, 0.469
27.625, -0.454, -0.036, 0.469
27.642, -0.456, -0.036, 0.469
27.659, -0.458, -0.037, 0.469
27.675, -0.459, -0.037, 0.470
27.692, -0.461, -0.037, 0.470
27.708, -0.464, -0.037, 0.471
27.725, -0.465, -0.037, 0.471
27.742, -0.468, -0.037, 0.471
27.759, -0.470, -0.037, 0.471
27.775, -0.471, -0.038, 0.472
27.792, -0.473, -0.038, 0.472
27.809, -0.476, -0.038, 0.472
27.825, -0.478, -0.038, 0.472
27.842, -0.481, -0.037, 0.472
27.859, -0.484, -0.037, 0.472
27.875, -0.485, -0.037, 0.472
27.892, -0.487, -0.037, 0.472
27.909, -0.490, -0.037, 0.471
27.925, -0.493, -0.037, 0.471
27.942, -0.496, -0.037, 0.471
27.959, -0.499, -0.037, 0.470
27.975, -0.501, -0.037, 0.470
27.992, -0.504, -0.036, 0.470
28.009, -0.506, -0.036, 0.469
28.025, -0.510, -0.035, 0.469
28.042, -0.514, -0.035, 0.468
28.059, -0.517, -0.035, 0.468
28.075, -0.519, -0.035, 0.468
28.092, -0.522, -0.034, 0.467
28.109, -0.525, -0.034, 0.467
28.125, -0.528, -0.033, 0.467
28.142, -0.532, -0.032, 0.467
28.159, -0.536, -0.031, 0.467
28.175, -0.539, -0.031, 0.467
28.192, -0.542, -0.030, 0.467
28.209, -0.547, -0.028, 0.467
28.225, -0.548, -0.027, 0.467
28.242, -0.554, -0.026, 0.467
28.259, -0.557, -0.025, 0.467
28.275, -0.559, -0.024, 0.468
28.292, -0.563, -0.023, 0.468
28.309, -0.568, -0.021, 0.468
28.325, -0.570, -0.020, 0.468
28.342, -0.573, -0.019, 0.468
28.359, -0.575, -0.018, 0.468
28.375, -0.581, -0.016, 0.469
28.392, -0.585, -0.014, 0.469
28.409, -0.590, -0.011, 0.470
28.425, -0.592, -0.011, 0.469
28.442, -0.596, -0.008, 0.470
28.459, -0.602, -0.006, 0.470
28.475, -0.604, -0.006, 0.470
28.492, -0.608, -0.004, 0.471
28.508, -0.614, -0.001, 0.471
28.525, -0.616, 0.000, 0.471
28.542, -0.622, 0.003, 0.471
28.559, -0.626, 0.005, 0.472
28.575, -0.628, 0.006, 0.471
28.592, -0.632, 0.008, 0.471
28.609, -0.636, 0.010, 0.471
28.625, -0.640, 0.012, 0.471
28.642, -0.647, 0.015, 0.470
28.659, -0.647, 0.015, 0.470
28.675, -0.653, 0.018, 0.469
28.692, -0.657, 0.020, 0.469
28.709, -0.664, 0.023, 0.468
28.725, -0.666, 0.024, 0.468
28.742, -0.670, 0.026, 0.467
28.759, -0.673, 0.027, 0.467
28.775, -0.679, 0.029, 0.466
28.792, -0.684, 0.031, 0.465
28.809, -0.691, 0.034, 0.464
28.825, -0.693, 0.034, 0.463
28.842, -0.698, 0.036, 0.462
28.859, -0.705, 0.038, 0.461
28.875, -0.708, 0.039, 0.461
28.892, -0.713, 0.040, 0.460
28.909, -0.718, 0.042, 0.460
28.925, -0.723, 0.042, 0.460
28.942, -0.730, 0.044, 0.459
28.959, -0.735, 0.044, 0.458
28.975, -0.738, 0.044, 0.458
28.992, -0.743, 0.045, 0.457
29.009, -0.748, 0.045, 0.457
29.025, -0.753, 0.046, 0.457
29.042, -0.761, 0.046, 0.457
29.059, -0.766, 0.046, 0.458
29.075, -0.769, 0.046, 0.457
29.092, -0.774, 0.045, 0.457
29.109, -0.779, 0.045, 0.457
29.125, -0.784, 0.045, 0.457
29.142, -0.792, 0.043, 0.456
29.159, -0.797, 0.043, 0.457
29.175, -0.800, 0.042, 0.456
29.192, -0.805, 0.042, 0.456
29.209, -0.813, 0.040, 0.456
29.225, -0.815, 0.039, 0.457
29.242, -0.823, 0.037, 0.457
29.259, -0.826, 0.036, 0.458
29.275, -0.831, 0.035, 0.457
29.292, -0.836, 0.034, 0.459
29.309, -0.844, 0.031, 0.459
29.325, -0.847, 0.030, 0.460
29.342, -0.852, 0.028, 0.460
29.359, -0.854, 0.027, 0.460
29.375, -0.862, 0.024, 0.461
29.392, -0.867, 0.023, 0.461
29.409, -0.875, 0.020, 0.462
29.425, -0.877, 0.019, 0.462
29.442, -0.885, 0.016, 0.462
29.458, -0.889, 0.014, 0.463
29.475, -0.892, 0.013, 0.463
29.492, -0.897, 0.011, 0.463
29.508, -0.904, 0.008, 0.463
29.525, -0.906, 0.006, 0.464
29.542, -0.913, 0.005, 0.464
29.558, -0.918, 0.002, 0.464
29.575, -0.920, 0.001, 0.463
29.592, -0.925, -0.002, 0.464
29.609, -0.932, -0.005, 0.464
29.625, -0.934, -0.005, 0.464
29.642, -0.941, -0.008, 0.464
29.658, -0.945, -0.010, 0.464
29.675, -0.947, -0.011, 0.465
29.692, -0.951, -0.012, 0.465
29.708, -0.958, -0.015, 0.463
29.725, -0.960, -0.015, 0.464
29.742, -0.966, -0.018, 0.463
29.758, -0.970, -0.019, 0.464
29.775, -0.972, -0.020, 0.463
29.792, -0.975, -0.021, 0.463
29.808, -0.981, -0.024, 0.462
29.825, -0.983, -0.024, 0.462
29.842, -0.988, -0.026, 0.462
29.859, -0.992, -0.028, 0.462
29.875, -0.993, -0.028, 0.462
29.892, -0.997, -0.029, 0.461
29.909, -1.000, -0.030, 0.461
29.925, -1.003, -0.031, 0.461
29.942, -1.008, -0.032, 0.461
29.959, -1.011, -0.032, 0.462
29.975, -1.012, -0.033, 0.461
29.992, -1.015, -0.033, 0.462
30.008, -1.019, -0.033, 0.462
30.025, -1.020, -0.034, 0.460
30.042, -1.023, -0.034, 0.462
30.059, -1.025, -0.034, 0.461
30.075, -1.028, -0.035, 0.460
30.092, -1.030, -0.035, 0.459
30.109, -1.033, -0.035, 0.459
30.125, -1.034, -0.035, 0.458
30.142, -1.037, -0.036, 0.458
30.159, -1.038, -0.035, 0.457
30.175, -1.040, -0.035, 0.457
30.192, -1.042, -0.035, 0.456
30.209, -1.045, -0.035, 0.454
30.225, -1.046, -0.034, 0.454
30.242, -1.047, -0.034, 0.453
30.259, -1.048, -0.034, 0.453
30.275, -1.050, -0.033, 0.452
30.292, -1.051, -0.034, 0.450
30.309, -1.053, -0.033, 0.449
30.325, -1.054, -0.033, 0.449
30.342, -1.054, -0.033, 0.447
30.359, -1.055, -0.032, 0.447
30.375, -1.056, -0.031, 0.446
30.392, -1.057, -0.031, 0.444
30.409, -1.058, -0.030, 0.444
30.425, -1.058, -0.030, 0.443
30.442, -1.059, -0.030, 0.443
30.459, -1.059, -0.029, 0.441
30.475, -1.059, -0.028, 0.441
30.492, -1.059, -0.028, 0.441
30.509, -1.059, -0.027, 0.440
30.525, -1.059, -0.028, 0.439
30.542, -1.059, -0.026, 0.438
30.559, -1.059, -0.026, 0.439
30.575, -1.059, -0.025, 0.437
30.592, -1.059, -0.024, 0.437
30.609, -1.058, -0.023, 0.437
30.625, -1.058, -0.023, 0.436
30.642, -1.057, -0.022, 0.436
30.659, -1.056, -0.022, 0.435
30.675, -1.056, -0.021, 0.435
30.692, -1.055, -0.021, 0.435
30.709, -1.054, -0.020, 0.434
30.725, -1.053, -0.019, 0.434
30.742, -1.052, -0.019, 0.434
30.759, -1.051, -0.018, 0.433
30.775, -1.050, -0.017, 0.434
30.792, -1.049, -0.017, 0.433
30.808, -1.047, -0.015, 0.433
30.825, -1.046, -0.015, 0.433
30.842, -1.044, -0.014, 0.433
30.858, -1.042, -0.013, 0.432
30.875, -1.042, -0.013, 0.432
30.892, -1.040, -0.012, 0.431
30.909, -1.038, -0.011, 0.431
30.925, -1.037, -0.011, 0.431
30.942, -1.034, -0.010, 0.431
30.958, -1.033, -0.009, 0.431
30.975, -1.032, -0.008, 0.430
30.992, -1.030, -0.007, 0.430
31.008, -1.028, -0.006, 0.430
31.025, -1.027, -0.006, 0.430
31.042, -1.025, -0.004, 0.430
31.058, -1.023, -0.003, 0.428
31.075, -1.022, -0.002, 0.429
31.092, -1.021, -0.002, 0.428
31.109, -1.018, -0.000, 0.428
31.125, -1.017, 0.001, 0.429
31.142, -1.016, 0.001, 0.428
31.159, -1.015, 0.003, 0.429
31.175, -1.013, 0.003, 0.427
31.192, -1.012, 0.004, 0.427
31.209, -1.010, 0.006, 0.426
31.225, -1.009, 0.006, 0.426
31.242, -1.007, 0.008, 0.425
31.259, -1.006, 0.008, 0.423
31.275, -1.005, 0.009, 0.424
31.292, -1.004, 0.009, 0.422
31.309, -1.002, 0.011, 0.421
31.325, -1.002, 0.010, 0.421
31.342, -1.000, 0.010, 0.418
31.359, -0.999, 0.011, 0.417
31.375, -0.999, 0.012, 0.417
31.392, -0.998, 0.012, 0.416
31.409, -0.997, 0.012, 0.414
31.425, -0.996, 0.012, 0.413
31.442, -0.995, 0.013, 0.412
31.459, -0.995, 0.013, 0.412
31.475, -0.995, 0.013, 0.410
31.492, -0.994, 0.013, 0.409
31.508, -0.993, 0.013, 0.407
31.525, -0.993, 0.013, 0.407
31.542, -0.992, 0.013, 0.405
31.559, -0.992, 0.013, 0.404
31.575, -0.992, 0.013, 0.403
31.592, -0.992, 0.013, 0.403
31.609, -0.992, 0.013, 0.401
31.625, -0.992, 0.012, 0.400
31.642, -0.992, 0.012, 0.400
31.659, -0.992, 0.012, 0.400
31.675, -0.992, 0.012, 0.399
31.692, -0.992, 0.012, 0.397
31.709, -0.992, 0.012, 0.396
31.725, -0.993, 0.012, 0.396
31.742, -0.993, 0.012, 0.396
31.759, -0.993, 0.012, 0.396
31.775, -0.994, 0.011, 0.394
31.792, -0.994, 0.011, 0.394
31.809, -0.995, 0.011, 0.395
31.825, -0.996, 0.011, 0.394
31.842, -0.997, 0.011, 0.394
31.859, -0.998, 0.010, 0.394
31.875, -0.999, 0.011, 0.393
31.892, -1.000, 0.010, 0.393
31.909, -1.001, 0.010, 0.393
31.925, -1.002, 0.010, 0.393
31.942, -1.004, 0.010, 0.393
31.959, -1.006, 0.009, 0.392
31.975, -1.006, 0.009, 0.392
31.992, -1.008, 0.009, 0.393
32.009, -1.011, 0.009, 0.392
32.025, -1.012, 0.009, 0.392
32.042, -1.014, 0.010, 0.391
32.059, -1.015, 0.010, 0.391
32.075, -1.017, 0.009, 0.390
32.092, -1.019, 0.009, 0.389
32.109, -1.023, 0.009, 0.390
32.125, -1.024, 0.009, 0.389
32.142, -1.026, 0.009, 0.388
32.159, -1.027, 0.009, 0.388
32.175, -1.031, 0.008, 0.386
32.192, -1.033, 0.008, 0.387
32.209, -1.037, 0.007, 0.385
32.225, -1.039, 0.008, 0.385
32.242, -1.043, 0.007, 0.384
32.259, -1.046, 0.007, 0.384
32.275, -1.047, 0.007, 0.384
32.292, -1.050, 0.006, 0.383
32.309, -1.053, 0.006, 0.383
32.325, -1.056, 0.005, 0.383
32.342, -1.061, 0.005, 0.384
32.359, -1.064, 0.004, 0.381
32.375, -1.066, 0.004, 0.382
32.392, -1.069, 0.003, 0.381
32.409, -1.075, 0.003, 0.381
32.425, -1.076, 0.003, 0.381
32.442, -1.082, 0.002, 0.380
32.459, -1.083, 0.001, 0.379
32.475, -1.087, 0.001, 0.379
32.492, -1.091, -0.001, 0.378
32.509, -1.094, -0.001, 0.377
32.525, -1.098, -0.002, 0.377
32.542, -1.104, -0.004, 0.375
32.559, -1.108, -0.004, 0.375
32.575, -1.110, -0.005, 0.375
32.592, -1.114, -0.006, 0.374
32.609, -1.120, -0.008, 0.373
32.625, -1.122, -0.008, 0.373
32.642, -1.128, -0.010, 0.372
32.659, -1.132, -0.012, 0.370
32.675, -1.134, -0.011, 0.369
32.692, -1.138, -0.012, 0.369
32.709, -1.144, -0.015, 0.367
32.725, -1.147, -0.016, 0.366
32.742, -1.153, -0.017, 0.364
32.759, -1.157, -0.018, 0.364
32.775, -1.159, -0.018, 0.363
32.792, -1.163, -0.020, 0.361
32.809, -1.170, -0.022, 0.360
32.825, -1.172, -0.022, 0.360
32.842, -1.178, -0.024, 0.357
32.859, -1.180, -0.024, 0.357
32.875, -1.185, -0.025, 0.355
32.892, -1.189, -0.026, 0.354
32.909, -1.196, -0.028, 0.353
32.925, -1.198, -0.028, 0.354
32.942, -1.204, -0.030, 0.353
32.958, -1.204, -0.030, 0.353
32.975, -1.211, -0.031, 0.352
32.992, -1.215, -0.031, 0.352
33.009, -1.221, -0.032, 0.351
33.025, -1.223, -0.032, 0.349
33.042, -1.230, -0.033, 0.349
33.058, -1.230, -0.033, 0.349
33.075, -1.234, -0.030, 0.344
33.092, -1.238, -0.030, 0.344
33.109, -1.244, -0.034, 0.343
33.125, -1.248, -0.033, 0.346
33.142, -1.251, -0.034, 0.345
33.159, -1.256, -0.033, 0.346
33.175, -1.259, -0.033, 0.345
33.192, -1.262, -0.033, 0.345
33.209, -1.267, -0.031, 0.345
33.225, -1.267, -0.031, 0.345
33.242, -1.274, -0.031, 0.343
33.259, -1.277, -0.030, 0.341
33.275, -1.279, -0.029, 0.341
33.292, -1.283, -0.028, 0.341
33.309, -1.284, -0.028, 0.339
33.325, -1.284, -0.028, 0.339
33.342, -1.284, -0.028, 0.339
33.359, -1.295, -0.025, 0.337
33.375, -1.295, -0.025, 0.337
33.392, -1.295, -0.025, 0.337
33.409, -1.305, -0.022, 0.336
33.425, -1.305, -0.022, 0.336
33.442, -1.311, -0.018, 0.335
33.459, -1.311, -0.018, 0.335
33.475, -1.311, -0.018, 0.335
33.492, -1.317, -0.015, 0.335
33.509, -1.321, -0.014, 0.337
33.525, -1.322, -0.013, 0.337
33.542, -1.326, -0.011, 0.336
33.559, -1.328, -0.009, 0.338
33.575, -1.329, -0.008, 0.338
33.592, -1.331, -0.007, 0.339
33.609, -1.335, -0.005, 0.340
33.625, -1.336, -0.004, 0.341
33.642, -1.339, -0.003, 0.341
33.659, -1.340, -0.001, 0.342
33.675, -1.342, -0.001, 0.342
33.692, -1.345, 0.001, 0.344
33.709, -1.348, 0.003, 0.346
33.725, -1.348, 0.003, 0.346
33.742, -1.351, 0.006, 0.347
33.759, -1.353, 0.007, 0.349
33.775, -1.354, 0.007, 0.349
33.792, -1.356, 0.008, 0.351
33.809, -1.359, 0.010, 0.354
33.825, -1.359, 0.010, 0.354
33.842, -1.362, 0.012, 0.357
33.859, -1.364, 0.013, 0.358
33.875, -1.365, 0.014, 0.360
33.892, -1.365, 0.013, 0.361
33.909, -1.368, 0.015, 0.364
33.925, -1.368, 0.015, 0.364
33.942, -1.371, 0.016, 0.367
33.959, -1.372, 0.016, 0.368
33.975, -1.372, 0.016, 0.369
33.992, -1.374, 0.017, 0.372
34.009, -1.376, 0.017, 0.374
34.025, -1.377, 0.018, 0.376
34.042, -1.378, 0.018, 0.376
34.059, -1.378, 0.017, 0.377
34.075, -1.379, 0.017, 0.379
34.092, -1.381, 0.018, 0.381
34.108, -1.382, 0.017, 0.382
34.125, -1.382, 0.017, 0.383
34.142, -1.382, 0.016, 0.385
34.159, -1.384, 0.017, 0.388
34.175, -1.384, 0.016, 0.388
34.192, -1.384, 0.015, 0.389
34.209, -1.385, 0.016, 0.391
34.225, -1.386, 0.016, 0.392
34.242, -1.386, 0.014, 0.393
34.259, -1.387, 0.015, 0.395
34.275, -1.387, 0.014, 0.396
34.292, -1.387, 0.013, 0.396
34.309, -1.388, 0.014, 0.400
34.325, -1.388, 0.013, 0.401
34.342, -1.388, 0.012, 0.402
34.359, -1.388, 0.012, 0.402
34.375, -1.388, 0.012, 0.403
34.392, -1.389, 0.012, 0.406
34.409, -1.389, 0.011, 0.408
34.425, -1.388, 0.011, 0.408
34.442, -1.388, 0.010, 0.410
34.459, -1.387, 0.010, 0.409
34.475, -1.388, 0.010, 0.410
34.492, -1.387, 0.010, 0.412
34.509, -1.386, 0.009, 0.413
34.525, -1.387, 0.010, 0.414
34.542, -1.386, 0.010, 0.416
34.559, -1.385, 0.009, 0.416
34.575, -1.385, 0.009, 0.417
34.592, -1.385, 0.010, 0.419
34.609, -1.384, 0.009, 0.420
34.625, -1.384, 0.009, 0.422
34.642, -1.383, 0.010, 0.424
34.659, -1.382, 0.010, 0.426
34.675, -1.382, 0.010, 0.427
34.692, -1.381, 0.009, 0.427
34.709, -1.379, 0.009, 0.429
34.725, -1.379, 0.010, 0.430
34.742, -1.377, 0.010, 0.433
34.759, -1.377, 0.009, 0.432
34.775, -1.375, 0.010, 0.434
34.792, -1.375, 0.010, 0.436
34.809, -1.372, 0.009, 0.438
34.825, -1.372, 0.010, 0.438
34.842, -1.370, 0.009, 0.441
34.859, -1.369, 0.009, 0.442
34.875, -1.368, 0.008, 0.442
34.892, -1.367, 0.008, 0.443
34.909, -1.365, 0.008, 0.445
34.925, -1.363, 0.007, 0.446
34.942, -1.362, 0.007, 0.449
34.959, -1.360, 0.006, 0.449
34.975, -1.359, 0.006, 0.450
34.992, -1.358, 0.005, 0.451
35.009, -1.357, 0.005, 0.453
35.025, -1.355, 0.004, 0.454
35.042, -1.353, 0.003, 0.457
35.059, -1.352, 0.002, 0.457
35.075, -1.351, 0.001, 0.457
35.092, -1.350, 0.001, 0.458
35.109, -1.348, -0.000, 0.460
35.125, -1.348, -0.001, 0.459
35.142, -1.346, -0.002, 0.461
35.159, -1.346, -0.002, 0.461
35.175, -1.345, -0.003, 0.462
35.192, -1.344, -0.004, 0.463
35.209, -1.342, -0.006, 0.463
35.225, -1.342, -0.006, 0.464
35.242, -1.341, -0.008, 0.465
35.259, -1.340, -0.009, 0.465
35.275, -1.340, -0.009, 0.466
35.292, -1.339, -0.010, 0.467
35.309, -1.338, -0.012, 0.466
35.325, -1.338, -0.012, 0.467
35.342, -1.337, -0.013, 0.468
35.359, -1.337, -0.013, 0.468
35.375, -1.337, -0.014, 0.469
35.392, -1.336, -0.014, 0.470
35.409, -1.336, -0.015, 0.470
35.425, -1.336, -0.015, 0.472
35.442, -1.335, -0.016, 0.473
35.459, -1.335, -0.016, 0.474
35.475, -1.334, -0.016, 0.474
35.492, -1.334, -0.016, 0.476
35.509, -1.334, -0.017, 0.476
35.525, -1.334, -0.017, 0.477
35.542, -1.334, -0.017, 0.480
35.559, -1.333, -0.017, 0.481
35.575, -1.333, -0.017, 0.480
35.592, -1.333, -0.017, 0.481
35.609, -1.333, -0.016, 0.484
35.625, -1.332, -0.016, 0.484
35.642, -1.332, -0.015, 0.485
35.659, -1.332, -0.015, 0.487
35.675, -1.332, -0.015, 0.487
35.692, -1.332, -0.014, 0.488
35.709, -1.332, -0.013, 0.489
35.725, -1.332, -0.013, 0.490
35.742, -1.331, -0.012, 0.491
35.759, -1.331, -0.012, 0.492
35.775, -1.331, -0.012, 0.492
35.792, -1.331, -0.010, 0.494
35.809, -1.331, -0.009, 0.495
35.825, -1.331, -0.009, 0.496
35.842, -1.331, -0.007, 0.497
35.859, -1.331, -0.007, 0.498
35.875, -1.331, -0.006, 0.499
35.892, -1.331, -0.005, 0.500
35.909, -1.331, -0.003, 0.499
35.925, -1.331, -0.003, 0.501
35.942, -1.331, -0.001, 0.502
35.959, -1.331, -0.001, 0.502
35.975, -1.332, 0.001, 0.501
35.992, -1.332, 0.002, 0.503
36.008, -1.332, 0.004, 0.504
36.025, -1.332, 0.004, 0.504
36.042, -1.332, 0.006, 0.505
36.059, -1.333, 0.008, 0.506
36.075, -1.333, 0.008, 0.506
36.092, -1.333, 0.009, 0.506
36.108, -1.334, 0.011, 0.507
36.125, -1.334, 0.012, 0.507
36.142, -1.335, 0.014, 0.507
36.159, -1.335, 0.014, 0.507
36.175, -1.336, 0.016, 0.507
36.192, -1.336, 0.017, 0.507
36.209, -1.337, 0.019, 0.507
36.225, -1.337, 0.019, 0.506
36.242, -1.338, 0.021, 0.507
36.259, -1.339, 0.022, 0.507
36.275, -1.339, 0.023, 0.507
36.292, -1.340, 0.024, 0.507
36.309, -1.341, 0.026, 0.507
36.325, -1.342, 0.027, 0.507
36.342, -1.343, 0.029, 0.507
36.359, -1.344, 0.029, 0.505
36.375, -1.345, 0.030, 0.506
36.392, -1.345, 0.031, 0.505
36.409, -1.347, 0.033, 0.506
36.425, -1.348, 0.033, 0.505
36.442, -1.350, 0.034, 0.504
36.459, -1.351, 0.035, 0.503
36.475, -1.352, 0.036, 0.504
36.492, -1.353, 0.037, 0.503
36.509, -1.355, 0.038, 0.502
36.525, -1.356, 0.039, 0.502
36.542, -1.358, 0.040, 0.500
36.559, -1.359, 0.040, 0.500
36.575, -1.361, 0.041, 0.500
36.592, -1.362, 0.042, 0.498
36.609, -1.365, 0.042, 0.496
36.625, -1.365, 0.043, 0.496
36.642, -1.368, 0.044, 0.495
36.659, -1.371, 0.045, 0.495
36.675, -1.372, 0.045, 0.494
36.692, -1.374, 0.046, 0.493
36.709, -1.376, 0.046, 0.492
36.725, -1.378, 0.046, 0.491
36.742, -1.381, 0.047, 0.490
36.759, -1.384, 0.048, 0.489
36.775, -1.385, 0.048, 0.489
36.792, -1.387, 0.047, 0.488
36.809, -1.392, 0.049, 0.489
36.825, -1.393, 0.049, 0.489
36.842, -1.397, 0.049, 0.488
36.859, -1.398, 0.049, 0.488
36.875, -1.401, 0.050, 0.487
36.892, -1.404, 0.050, 0.488
36.909, -1.409, 0.051, 0.488
36.925, -1.410, 0.050, 0.487
36.942, -1.413, 0.051, 0.487
36.959, -1.419, 0.051, 0.488
36.975, -1.420, 0.051, 0.488
36.992, -1.423, 0.050, 0.487
37.009, -1.427, 0.051, 0.487
37.025, -1.430, 0.051, 0.486
37.042, -1.435, 0.051, 0.486
37.059, -1.438, 0.051, 0.485
37.075, -1.440, 0.051, 0.485
37.092, -1.444, 0.051, 0.485
37.109, -1.446, 0.050, 0.484
37.125, -1.449, 0.050, 0.483
37.142, -1.455, 0.050, 0.483
37.159, -1.457, 0.049, 0.481
37.175, -1.459, 0.050, 0.481
37.192, -1.463, 0.049, 0.481
37.209, -1.467, 0.048, 0.478
37.225, -1.468, 0.048, 0.478
37.242, -1.473, 0.047, 0.476
37.259, -1.476, 0.047, 0.475
37.275, -1.477, 0.047, 0.475
37.292, -1.481, 0.048, 0.474
37.309, -1.485, 0.047, 0.472
37.325, -1.487, 0.047, 0.472
37.342, -1.490, 0.045, 0.469
37.359, -1.492, 0.045, 0.468
37.375, -1.494, 0.045, 0.467
37.392, -1.497, 0.044, 0.466
37.409, -1.499, 0.044, 0.465
37.425, -1.502, 0.043, 0.463
37.442, -1.505, 0.043, 0.462
37.459, -1.508, 0.042, 0.460
37.475, -1.509, 0.042, 0.459
37.492, -1.512, 0.042, 0.458
37.509, -1.515, 0.042, 0.457
37.525, -1.516, 0.041, 0.455
37.542, -1.519, 0.040, 0.454
37.559, -1.521, 0.039, 0.452
37.575, -1.522, 0.039, 0.452
37.592, -1.524, 0.039, 0.451
37.609, -1.528, 0.037, 0.448
37.625, -1.529, 0.037, 0.448
37.642, -1.532, 0.036, 0.446
37.659, -1.534, 0.036, 0.445
37.675, -1.535, 0.035, 0.444
37.692, -1.537, 0.035, 0.444
37.709, -1.540, 0.033, 0.442
37.725, -1.541, 0.033, 0.442
37.742, -1.544, 0.032, 0.440
37.759, -1.545, 0.031, 0.439
37.775, -1.546, 0.031, 0.439
37.792, -1.549, 0.030, 0.438
37.809, -1.550, 0.029, 0.437
37.825, -1.552, 0.028, 0.437
37.842, -1.555, 0.026, 0.436
37.859, -1.557, 0.026, 0.436
37.875, -1.558, 0.025, 0.436
37.892, -1.560, 0.024, 0.435
37.909, -1.562, 0.022, 0.436
37.925, -1.563, 0.022, 0.436
37.942, -1.566, 0.020, 0.436
37.959, -1.568, 0.019, 0.436
37.975, -1.569, 0.018, 0.436
37.992, -1.571, 0.017, 0.437
38.009, -1.573, 0.014, 0.438
38.025, -1.574, 0.014, 0.438
38.042, -1.577, 0.012, 0.440
38.059, -1.578, 0.011, 0.440
38.075, -1.580, 0.009, 0.440
38.092, -1.582, 0.008, 0.442
38.109, -1.584, 0.006, 0.442
38.125, -1.585, 0.005, 0.443
38.142, -1.588, 0.003, 0.444
38.159, -1.589, 0.002, 0.444
38.175, -1.591, 0.000, 0.445
38.192, -1.593, -0.001, 0.446
38.209, -1.596, -0.004, 0.446
38.225, -1.597, -0.005, 0.447
38.242, -1.600, -0.007, 0.448
38.259, -1.601, -0.008, 0.448
38.275, -1.603, -0.010, 0.450
38.292, -1.605, -0.011, 0.450
38.309, -1.608, -0.014, 0.451
38.325, -1.608, -0.014, 0.452
38.342, -1.611, -0.017, 0.453
38.359, -1.613, -0.019, 0.454
38.375, -1.614, -0.019, 0.455
38.392, -1.615, -0.022, 0.455
38.409, -1.617, -0.023, 0.455
38.425, -1.619, -0.024, 0.456
38.442, -1.621, -0.027, 0.456
38.459, -1.622, -0.029, 0.457
38.475, -1.623, -0.030, 0.458
38.492, -1.625, -0.032, 0.457
38.509, -1.627, -0.034, 0.459
38.525, -1.627, -0.035, 0.459
38.542, -1.629, -0.038, 0.459
38.559, -1.630, -0.039, 0.460
38.575, -1.631, -0.040, 0.460
38.592, -1.632, -0.042, 0.460
38.609, -1.633, -0.043, 0.461
38.625, -1.634, -0.046, 0.461
38.642, -1.635, -0.048, 0.462
38.659, -1.636, -0.049, 0.463
38.675, -1.636, -0.051, 0.463
38.692, -1.637, -0.052, 0.464
38.709, -1.637, -0.053, 0.464
38.725, -1.638, -0.055, 0.464
38.742, -1.638, -0.057, 0.466
38.759, -1.638, -0.059, 0.466
38.775, -1.638, -0.060, 0.466
38.792, -1.639, -0.061, 0.467
38.809, -1.639, -0.063, 0.468
38.825, -1.639, -0.064, 0.468
38.842, -1.638, -0.065, 0.470
38.859, -1.638, -0.066, 0.470
38.875, -1.638, -0.067, 0.471
38.892, -1.638, -0.068, 0.472
38.909, -1.638, -0.070, 0.473
38.925, -1.637, -0.070, 0.473
38.942, -1.637, -0.071, 0.475
38.959, -1.637, -0.072, 0.475
38.975, -1.636, -0.072, 0.476
38.992, -1.636, -0.072, 0.477
39.009, -1.635, -0.073, 0.479
39.025, -1.635, -0.073, 0.479
39.042, -1.634, -0.073, 0.480
39.059, -1.634, -0.073, 0.482
39.076, -1.633, -0.073, 0.483
39.092, -1.633, -0.073, 0.483
39.109, -1.632, -0.072, 0.485
39.125, -1.632, -0.072, 0.486
39.142, -1.632, -0.072, 0.487
39.159, -1.631, -0.071, 0.488
39.175, -1.631, -0.070, 0.489
39.192, -1.631, -0.070, 0.489
39.209, -1.631, -0.069, 0.490
39.225, -1.630, -0.068, 0.490
39.242, -1.630, -0.066, 0.491
39.259, -1.630, -0.065, 0.492
39.275, -1.630, -0.065, 0.492
39.292, -1.630, -0.064, 0.492
39.309, -1.630, -0.062, 0.492
39.325, -1.630, -0.061, 0.492
39.342, -1.630, -0.058, 0.492
39.359, -1.630, -0.057, 0.492
39.375, -1.630, -0.057, 0.491
39.392, -1.630, -0.055, 0.492
39.409, -1.631, -0.053, 0.491
39.425, -1.631, -0.052, 0.490
39.442, -1.631, -0.049, 0.490
39.459, -1.632, -0.048, 0.489
39.475, -1.632, -0.047, 0.489
39.492, -1.632, -0.045, 0.489
39.509, -1.633, -0.042, 0.488
39.525, -1.634, -0.041, 0.488
39.542, -1.635, -0.039, 0.487
39.559, -1.635, -0.037, 0.486
39.575, -1.636, -0.036, 0.486
39.592, -1.636, -0.034, 0.485
39.609, -1.638, -0.031, 0.484
39.625, -1.638, -0.030, 0.484
39.642, -1.639, -0.028, 0.483
39.659, -1.640, -0.027, 0.482
39.675, -1.641, -0.024, 0.482
39.692, -1.642, -0.023, 0.481
39.709, -1.643, -0.020, 0.481
39.725, -1.644, -0.019, 0.480
39.742, -1.646, -0.016, 0.479
39.759, -1.647, -0.014, 0.478
39.775, -1.647, -0.013, 0.478
39.792, -1.649, -0.012, 0.477
39.809, -1.650, -0.010, 0.476
39.825, -1.651, -0.008, 0.475
39.842, -1.653, -0.005, 0.474
39.859, -1.655, -0.003, 0.473
39.875, -1.656, -0.003, 0.473
39.892, -1.657, -0.001, 0.472
39.909, -1.659, 0.002, 0.471
39.925, -1.660, 0.003, 0.470
39.942, -1.663, 0.006, 0.469
39.959, -1.663, 0.006, 0.468
39.975, -1.665, 0.008, 0.467
39.992, -1.667, 0.010, 0.467
40.009, -1.670, 0.012, 0.465
40.025, -1.671, 0.012, 0.465
40.042, -1.673, 0.015, 0.464
40.059, -1.675, 0.016, 0.463
40.075, -1.676, 0.017, 0.462
40.092, -1.678, 0.019, 0.462
40.109, -1.680, 0.020, 0.461
40.125, -1.682, 0.021, 0.461
40.142, -1.685, 0.023, 0.460
40.159, -1.687, 0.024, 0.459
40.175, -1.688, 0.025, 0.460
40.192, -1.690, 0.026, 0.459
40.209, -1.693, 0.028, 0.458
40.225, -1.694, 0.029, 0.458
40.242, -1.698, 0.030, 0.457
40.259, -1.700, 0.031, 0.456
40.275, -1.701, 0.032, 0.456
40.292, -1.704, 0.032, 0.455
40.309, -1.707, 0.034, 0.455
40.325, -1.708, 0.035, 0.455
40.342, -1.712, 0.036, 0.454
40.359, -1.714, 0.036, 0.454
40.375, -1.716, 0.037, 0.453
40.392, -1.719, 0.037, 0.453
40.409, -1.723, 0.038, 0.452
40.425, -1.725, 0.039, 0.452
40.442, -1.729, 0.039, 0.452
40.459, -1.732, 0.040, 0.451
40.475, -1.734, 0.040, 0.451
40.492, -1.737, 0.040, 0.451
40.509, -1.741, 0.040, 0.450
40.525, -1.743, 0.040, 0.450
40.542, -1.748, 0.040, 0.450
40.559, -1.751, 0.040, 0.449
40.575, -1.753, 0.039, 0.449
40.592, -1.756, 0.039, 0.449
40.609, -1.760, 0.038, 0.448
40.625, -1.763, 0.038, 0.448
40.642, -1.769, 0.037, 0.448
40.659, -1.772, 0.036, 0.447
40.675, -1.774, 0.035, 0.447
40.692, -1.778, 0.034, 0.447
40.709, -1.783, 0.032, 0.446
40.725, -1.785, 0.032, 0.446
40.742, -1.791, 0.029, 0.446
40.759, -1.793, 0.028, 0.445
40.775, -1.797, 0.027, 0.446
40.792, -1.801, 0.025, 0.445
40.809, -1.807, 0.023, 0.445
40.825, -1.809, 0.022, 0.445
40.842, -1.815, 0.018, 0.444
40.859, -1.817, 0.017, 0.444
40.875, -1.821, 0.016, 0.444
40.892, -1.825, 0.013, 0.443
40.909, -1.831, 0.010, 0.443
40.925, -1.833, 0.009, 0.443
40.942, -1.839, 0.005, 0.442
40.959, -1.841, 0.004, 0.442
40.975, -1.845, 0.002, 0.442
40.992, -1.849, -0.001, 0.441
41.009, -1.855, -0.004, 0.441
41.025, -1.857, -0.005, 0.440
41.042, -1.863, -0.009, 0.440
41.059, -1.867, -0.011, 0.440
41.075, -1.869, -0.012, 0.439
41.092, -1.873, -0.014, 0.439
41.109, -1.876, -0.016, 0.439
41.125, -1.876, -0.016, 0.439
41.142, -1.885, -0.021, 0.439
41.159, -1.887, -0.022, 0.439
41.175, -1.889, -0.023, 0.439
41.192, -1.892, -0.025, 0.439
41.209, -1.899, -0.028, 0.439
41.225, -1.901, -0.028, 0.439
41.242, -1.905, -0.030, 0.440
41.259, -1.909, -0.031, 0.439
41.275, -1.910, -0.031, 0.440
41.292, -1.913, -0.032, 0.440
41.309, -1.917, -0.033, 0.441
41.325, -1.918, -0.034, 0.442
41.342, -1.922, -0.034, 0.442
41.359, -1.923, -0.035, 0.442
41.375, -1.926, -0.035, 0.443
41.392, -1.928, -0.035, 0.443
41.409, -1.930, -0.035, 0.443
41.425, -1.932, -0.035, 0.443
41.442, -1.934, -0.035, 0.442
41.459, -1.936, -0.034, 0.442
41.475, -1.936, -0.034, 0.442
41.492, -1.938, -0.034, 0.440
41.509, -1.939, -0.033, 0.439
41.525, -1.940, -0.033, 0.438
41.542, -1.941, -0.033, 0.435
41.559, -1.942, -0.032, 0.434
41.575, -1.942, -0.032, 0.433
41.592, -1.942, -0.032, 0.430
41.609, -1.943, -0.031, 0.428
41.625, -1.943, -0.031, 0.425
41.642, -1.943, -0.030, 0.421
41.659, -1.943, -0.029, 0.418
41.675, -1.942, -0.029, 0.416
41.692, -1.942, -0.029, 0.413
41.709, -1.942, -0.028, 0.410
41.725, -1.941, -0.028, 0.406
41.742, -1.940, -0.026, 0.401
41.759, -1.940, -0.026, 0.397
41.775, -1.939, -0.026, 0.395
41.792, -1.939, -0.025, 0.392
41.809, -1.938, -0.025, 0.389
41.825, -1.937, -0.025, 0.385
41.842, -1.935, -0.024, 0.380
41.859, -1.935, -0.024, 0.376
41.875, -1.934, -0.024, 0.375
41.892, -1.933, -0.023, 0.372
41.909, -1.932, -0.023, 0.368
41.925, -1.931, -0.023, 0.365
41.942, -1.929, -0.023, 0.361
41.959, -1.928, -0.023, 0.358
41.975, -1.928, -0.023, 0.357
41.992, -1.927, -0.023, 0.354
42.008, -1.925, -0.023, 0.350
42.025, -1.925, -0.023, 0.349
42.042, -1.923, -0.023, 0.345
42.059, -1.922, -0.023, 0.343
42.075, -1.921, -0.023, 0.341
42.092, -1.920, -0.024, 0.339
42.109, -1.919, -0.024, 0.337
42.125, -1.918, -0.024, 0.335
42.142, -1.917, -0.025, 0.332
42.159, -1.916, -0.025, 0.330
42.175, -1.915, -0.026, 0.329
42.192, -1.914, -0.026, 0.327
42.209, -1.913, -0.027, 0.325
42.225, -1.912, -0.027, 0.323
42.242, -1.911, -0.028, 0.320
42.259, -1.910, -0.028, 0.319
42.275, -1.909, -0.029, 0.318
42.292, -1.908, -0.029, 0.316
42.309, -1.907, -0.030, 0.314
42.325, -1.907, -0.030, 0.312
42.342, -1.905, -0.031, 0.310
42.359, -1.905, -0.032, 0.308
42.375, -1.904, -0.032, 0.307
42.392, -1.903, -0.032, 0.306
42.409, -1.902, -0.033, 0.303
42.425, -1.902, -0.033, 0.302
42.442, -1.901, -0.033, 0.299
42.459, -1.900, -0.034, 0.297
42.475, -1.900, -0.034, 0.296
42.492, -1.899, -0.034, 0.294
42.509, -1.899, -0.035, 0.292
42.525, -1.898, -0.035, 0.290
42.542, -1.897, -0.035, 0.286
42.559, -1.897, -0.036, 0.284
42.575, -1.896, -0.035, 0.283
42.592, -1.896, -0.036, 0.280
42.609, -1.895, -0.036, 0.276
42.625, -1.894, -0.036, 0.275
42.642, -1.893, -0.036, 0.271
42.659, -1.893, -0.036, 0.270
42.675, -1.892, -0.036, 0.268
42.692, -1.892, -0.036, 0.264
42.709, -1.891, -0.036, 0.261
42.725, -1.890, -0.036, 0.259
42.742, -1.889, -0.036, 0.255
42.759, -1.889, -0.036, 0.254
42.775, -1.888, -0.036, 0.251
42.792, -1.888, -0.036, 0.249
42.809, -1.886, -0.036, 0.245
42.825, -1.886, -0.036, 0.244
42.842, -1.885, -0.036, 0.240
42.859, -1.884, -0.036, 0.238
42.875, -1.884, -0.036, 0.237
42.892, -1.883, -0.036, 0.235
42.909, -1.882, -0.036, 0.233
42.925, -1.881, -0.036, 0.231
42.942, -1.880, -0.036, 0.228
42.959, -1.880, -0.036, 0.226
42.975, -1.879, -0.036, 0.225
42.992, -1.878, -0.036, 0.224
43.008, -1.877, -0.036, 0.221
43.025, -1.877, -0.036, 0.220
43.042, -1.875, -0.036, 0.218
43.059, -1.875, -0.036, 0.216
43.075, -1.874, -0.036, 0.215
43.092, -1.874, -0.035, 0.214
43.108, -1.872, -0.036, 0.212
43.125, -1.872, -0.035, 0.211
43.142, -1.871, -0.035, 0.209
43.159, -1.870, -0.035, 0.208
43.175, -1.870, -0.035, 0.207
43.192, -1.869, -0.035, 0.206
43.208, -1.867, -0.035, 0.204
43.225, -1.867, -0.034, 0.204
43.242, -1.866, -0.035, 0.201
43.259, -1.865, -0.034, 0.200
43.275, -1.865, -0.034, 0.200
43.292, -1.864, -0.034, 0.199
43.309, -1.863, -0.034, 0.197
43.325, -1.862, -0.033, 0.197
43.342, -1.861, -0.033, 0.194
43.359, -1.861, -0.033, 0.194
43.375, -1.860, -0.033, 0.193
43.392, -1.859, -0.033, 0.191
43.409, -1.858, -0.032, 0.191
43.425, -1.858, -0.032, 0.190
43.442, -1.857, -0.032, 0.188
43.459, -1.857, -0.031, 0.188
43.475, -1.856, -0.031, 0.187
43.492, -1.856, -0.031, 0.185
43.509, -1.855, -0.030, 0.185
43.525, -1.855, -0.030, 0.184
43.542, -1.854, -0.029, 0.183
43.559, -1.854, -0.029, 0.182
43.575, -1.854, -0.029, 0.181
43.592, -1.853, -0.028, 0.181
43.609, -1.853, -0.028, 0.180
43.625, -1.853, -0.027, 0.179
43.642, -1.853, -0.026, 0.179
43.659, -1.853, -0.026, 0.178
43.675, -1.853, -0.026, 0.178
43.692, -1.852, -0.025, 0.178
43.709, -1.853, -0.025, 0.177
43.725, -1.852, -0.024, 0.177
43.742, -1.853, -0.023, 0.177
43.759, -1.853, -0.023, 0.177
43.775, -1.853, -0.022, 0.177
43.792, -1.853, -0.022, 0.177
43.809, -1.853, -0.021, 0.177
43.825, -1.853, -0.020, 0.178
43.842, -1.854, -0.020, 0.177
43.859, -1.854, -0.019, 0.178
43.875, -1.854, -0.019, 0.178
43.892, -1.854, -0.018, 0.178
43.908, -1.855, -0.018, 0.178
43.925, -1.855, -0.017, 0.178
43.942, -1.855, -0.017, 0.177
43.959, -1.855, -0.016, 0.177
43.975, -1.856, -0.016, 0.178
43.992, -1.856, -0.016, 0.177
44.009, -1.856, -0.015, 0.178
44.025, -1.857, -0.015, 0.177
44.042, -1.857, -0.014, 0.177
