0.020, 0.000, 0.000, 0.000
0.037, 0.000, 0.000, 0.000
0.054, 0.000, 0.000, 0.000
0.070, 0.000, 0.000, 0.000
0.087, 0.000, 0.000, 0.000
0.103, 0.000, 0.000, 0.000
0.120, 0.000, 0.000, 0.000
0.137, 0.000, 0.000, 0.000
0.153, 0.000, 0.000, 0.000
0.170, 0.000, 0.000, 0.000
0.187, 0.000, 0.000, 0.000
0.203, 0.000, 0.000, 0.000
0.220, 0.000, 0.000, 0.000
0.237, 0.000, 0.000, 0.000
0.253, 0.000, 0.000, 0.000
0.270, 0.000, 0.000, 0.000
0.287, 0.000, 0.000, 0.000
0.303, 0.000, 0.000, 0.000
0.320, 0.000, 0.000, 0.000
0.337, 0.000, 0.000, 0.000
0.353, 0.000, 0.000, 0.000
0.370, 0.000, 0.000, 0.000
0.387, 0.000, 0.000, 0.000
0.403, 0.000, 0.000, 0.000
0.420, 0.000, 0.000, 0.000
0.437, 0.000, 0.000, 0.000
0.453, 0.000, 0.000, 0.000
0.470, 0.000, 0.000, 0.000
0.487, 0.000, 0.000, 0.000
0.503, 0.000, 0.000, 0.000
0.520, 0.000, 0.000, 0.000
0.537, 0.000, 0.000, 0.000
0.553, 0.000, 0.000, 0.000
0.571, -0.162, -0.002, 0.031
0.587, -0.162, -0.002, 0.032
0.604, -0.162, -0.002, 0.031
0.620, -0.162, -0.002, 0.032
0.637, -0.162, -0.002, 0.032
0.654, -0.162, -0.002, 0.032
0.670, -0.162, -0.002, 0.032
0.687, -0.162, -0.002, 0.032
0.703, -0.162, -0.002, 0.032
0.720, -0.162, -0.002, 0.032
0.737, -0.162, -0.002, 0.032
0.754, -0.162, -0.002, 0.032
0.770, -0.162, -0.002, 0.032
0.787, -0.162, -0.002, 0.032
0.803, -0.162, -0.002, 0.032
0.820, -0.162, -0.002, 0.032
0.837, -0.162, -0.002, 0.032
0.854, -0.162, -0.002, 0.032
0.870, -0.162, -0.002, 0.032
0.887, -0.162, -0.002, 0.032
0.903, -0.162, -0.002, 0.032
0.920, -0.162, -0.002, 0.032
0.937, -0.162, -0.002, 0.032
0.953, -0.162, -0.002, 0.032
0.970, -0.162, -0.002, 0.032
0.987, -0.162, -0.002, 0.032
1.004, -0.162, -0.002, 0.031
1.020, -0.162, -0.002, 0.031
1.037, -0.162, -0.002, 0.031
1.054, -0.162, -0.002, 0.032
1.070, -0.162, -0.002, 0.032
1.087, -0.162, -0.002, 0.032
1.104, -0.162, -0.002, 0.031
1.120, -0.162, -0.002, 0.031
1.137, -0.162, -0.002, 0.031
1.154, -0.162, -0.002, 0.032
1.170, -0.162, -0.002, 0.032
1.187, -0.162, -0.002, 0.032
1.204, -0.162, -0.002, 0.032
1.220, -0.162, -0.002, 0.032
1.237, -0.162, -0.002, 0.032
1.253, -0.162, -0.002, 0.031
1.270, -0.162, -0.002, 0.032
1.287, -0.162, -0.002, 0.032
1.304, -0.162, -0.002, 0.032
1.320, -0.162, -0.002, 0.032
1.337, -0.162, -0.002, 0.032
1.353, -0.162, -0.002, 0.032
1.373, -0.162, -0.002, 0.032
1.387, -0.162, -0.002, 0.032
1.404, -0.162, -0.002, 0.031
1.420, -0.162, -0.002, 0.031
1.437, -0.162, -0.002, 0.032
1.454, -0.162, -0.002, 0.032
1.470, -0.162, -0.002, 0.032
1.487, -0.162, -0.002, 0.032
1.504, -0.162, -0.002, 0.032
1.520, -0.162, -0.002, 0.032
1.537, -0.162, -0.002, 0.032
1.554, -0.162, -0.002, 0.031
1.570, -0.162, -0.002, 0.031
1.587, -0.162, -0.002, 0.031
1.604, -0.162, -0.002, 0.032
1.620, -0.162, -0.002, 0.032
1.637, -0.162, -0.002, 0.032
1.654, -0.162, -0.002, 0.031
1.670, -0.162, -0.002, 0.031
1.687, -0.162, -0.002, 0.032
1.704, -0.162, -0.002, 0.032
1.720, -0.162, -0.002, 0.031
1.737, -0.162, -0.002, 0.032
1.753, -0.162, -0.002, 0.031
1.770, -0.162, -0.002, 0.032
1.787, -0.162, -0.002, 0.031
1.804, -0.162, -0.002, 0.032
1.820, -0.162, -0.002, 0.032
1.837, -0.162, -0.002, 0.032
1.854, -0.162, -0.002, 0.031
1.870, -0.162, -0.002, 0.031
1.887, -0.162, -0.002, 0.032
1.904, -0.162, -0.002, 0.032
1.920, -0.162, -0.002, 0.032
1.937, -0.162, -0.002, 0.032
1.953, -0.162, -0.002, 0.032
1.970, -0.162, -0.002, 0.032
1.987, -0.162, -0.002, 0.032
2.004, -0.162, -0.002, 0.031
2.020, -0.162, -0.002, 0.032
2.037, -0.162, -0.002, 0.031
2.053, -0.162, -0.002, 0.032
2.070, -0.162, -0.002, 0.031
2.087, -0.162, -0.002, 0.032
2.104, -0.162, -0.002, 0.032
2.120, -0.162, -0.002, 0.031
2.137, -0.162, -0.002, 0.031
2.153, -0.162, -0.002, 0.032
2.170, -0.162, -0.002, 0.032
2.187, -0.162, -0.002, 0.032
2.204, -0.162, -0.002, 0.031
2.220, -0.162, -0.002, 0.032
2.237, -0.162, -0.002, 0.031
2.254, -0.162, -0.002, 0.031
2.270, -0.162, -0.002, 0.032
2.287, -0.162, -0.002, 0.032
2.304, -0.162, -0.002, 0.031
2.320, -0.162, -0.002, 0.032
2.337, -0.162, -0.002, 0.032
2.354, -0.162, -0.002, 0.032
2.370, -0.162, -0.002, 0.032
2.387, -0.162, -0.002, 0.032
2.404, -0.162, -0.002, 0.031
2.420, -0.162, -0.002, 0.032
2.437, -0.162, -0.002, 0.032
2.454, -0.162, -0.002, 0.032
2.470, -0.162, -0.002, 0.032
2.487, -0.162, -0.002, 0.032
2.503, -0.162, -0.002, 0.032
2.520, -0.162, -0.002, 0.032
2.537, -0.162, -0.002, 0.032
2.554, -0.162, -0.002, 0.031
2.570, -0.162, -0.002, 0.031
2.587, -0.162, -0.002, 0.031
2.604, -0.162, -0.002, 0.032
2.620, -0.162, -0.002, 0.031
2.637, -0.162, -0.002, 0.032
2.654, -0.162, -0.002, 0.032
2.670, -0.162, -0.002, 0.032
2.687, -0.162, -0.002, 0.032
2.703, -0.162, -0.002, 0.032
2.720, -0.162, -0.002, 0.032
2.737, -0.162, -0.002, 0.032
2.754, -0.162, -0.002, 0.032
2.770, -0.162, -0.002, 0.031
2.787, -0.162, -0.002, 0.031
2.804, -0.162, -0.002, 0.032
2.820, -0.162, -0.002, 0.031
2.837, -0.162, -0.002, 0.032
2.854, -0.162, -0.002, 0.032
2.870, -0.162, -0.002, 0.032
2.887, -0.162, -0.002, 0.032
2.903, -0.162, -0.002, 0.032
2.920, -0.162, -0.002, 0.032
2.937, -0.162, -0.002, 0.032
2.953, -0.162, -0.002, 0.032
2.970, -0.162, -0.002, 0.032
2.987, -0.162, -0.002, 0.031
3.003, -0.162, -0.002, 0.032
3.020, -0.162, -0.002, 0.032
3.037, -0.162, -0.002, 0.032
3.054, -0.162, -0.002, 0.032
3.070, -0.162, -0.002, 0.031
3.087, -0.162, -0.002, 0.032
3.104, -0.162, -0.002, 0.031
3.120, -0.162, -0.002, 0.031
3.137, -0.162, -0.002, 0.031
3.154, -0.162, -0.002, 0.031
3.170, -0.162, -0.002, 0.031
3.187, -0.162, -0.002, 0.032
3.204, -0.162, -0.002, 0.031
3.220, -0.162, -0.002, 0.032
3.237, -0.162, -0.002, 0.031
3.253, -0.162, -0.002, 0.031
3.270, -0.162, -0.002, 0.032
3.287, -0.162, -0.002, 0.032
3.304, -0.162, -0.002, 0.032
3.320, -0.162, -0.002, 0.032
3.337, -0.162, -0.002, 0.031
3.353, -0.162, -0.002, 0.032
3.370, -0.162, -0.002, 0.032
3.387, -0.162, -0.002, 0.032
3.404, -0.162, -0.002, 0.032
3.420, -0.162, -0.002, 0.032
3.437, -0.162, -0.002, 0.032
3.453, -0.162, -0.002, 0.032
3.470, -0.162, -0.002, 0.031
3.487, -0.162, -0.002, 0.032
3.504, -0.162, -0.002, 0.032
3.520, -0.162, -0.002, 0.032
3.537, -0.162, -0.002, 0.031
3.553, -0.162, -0.002, 0.031
3.570, -0.162, -0.002, 0.032
3.587, -0.162, -0.002, 0.032
3.603, -0.162, -0.002, 0.031
3.620, -0.162, -0.002, 0.032
3.637, -0.162, -0.002, 0.032
3.653, -0.162, -0.002, 0.031
3.670, -0.162, -0.002, 0.031
3.687, -0.162, -0.002, 0.031
3.704, -0.162, -0.002, 0.032
3.720, -0.162, -0.002, 0.032
3.737, -0.162, -0.002, 0.031
3.754, -0.162, -0.002, 0.031
3.770, -0.162, -0.002, 0.032
3.787, -0.162, -0.002, 0.032
3.803, -0.162, -0.002, 0.032
3.820, -0.162, -0.002, 0.031
3.837, -0.162, -0.002, 0.032
3.854, -0.162, -0.002, 0.032
3.870, -0.162, -0.002, 0.032
3.887, -0.162, -0.002, 0.032
3.904, -0.162, -0.002, 0.032
3.920, -0.162, -0.002, 0.032
3.937, -0.162, -0.002, 0.031
3.954, -0.162, -0.002, 0.032
3.970, -0.162, -0.002, 0.032
3.987, -0.162, -0.002, 0.031
4.004, -0.162, -0.002, 0.031
4.020, -0.162, -0.002, 0.031
4.037, -0.162, -0.002, 0.031
4.054, -0.162, -0.002, 0.032
4.070, -0.162, -0.002, 0.031
4.087, -0.162, -0.002, 0.031
4.104, -0.162, -0.002, 0.032
4.120, -0.162, -0.002, 0.032
4.137, -0.162, -0.002, 0.032
4.154, -0.162, -0.002, 0.032
4.170, -0.162, -0.002, 0.032
4.187, -0.162, -0.002, 0.032
4.204, -0.162, -0.002, 0.032
4.220, -0.162, -0.002, 0.032
4.237, -0.162, -0.002, 0.032
4.254, -0.162, -0.002, 0.032
4.270, -0.162, -0.002, 0.032
4.287, -0.162, -0.002, 0.032
4.304, -0.162, -0.002, 0.032
4.320, -0.162, -0.002, 0.032
4.337, -0.162, -0.002, 0.031
4.354, -0.162, -0.002, 0.032
4.370, -0.162, -0.002, 0.032
4.387, -0.162, -0.002, 0.032
4.403, -0.162, -0.002, 0.032
4.420, -0.162, -0.002, 0.032
4.437, -0.162, -0.002, 0.032
4.454, -0.162, -0.002, 0.032
4.470, -0.162, -0.002, 0.032
4.487, -0.162, -0.002, 0.032
4.504, -0.162, -0.002, 0.032
4.520, -0.162, -0.002, 0.032
4.537, -0.162, -0.002, 0.032
4.553, -0.162, -0.002, 0.032
4.570, -0.162, -0.002, 0.031
4.587, -0.162, -0.002, 0.032
4.603, -0.162, -0.002, 0.032
4.620, -0.162, -0.002, 0.032
4.637, -0.162, -0.002, 0.032
4.654, -0.162, -0.002, 0.032
4.670, -0.162, -0.002, 0.032
4.687, -0.162, -0.002, 0.032
4.703, -0.162, -0.002, 0.032
4.720, -0.162, -0.002, 0.032
4.737, -0.162, -0.002, 0.032
4.754, -0.162, -0.002, 0.032
4.770, -0.162, -0.002, 0.031
4.787, -0.162, -0.002, 0.032
4.804, -0.162, -0.002, 0.032
4.820, -0.162, -0.002, 0.032
4.837, -0.162, -0.002, 0.032
4.854, -0.162, -0.002, 0.032
4.870, -0.162, -0.002, 0.032
4.887, -0.162, -0.002, 0.032
4.903, -0.162, -0.002, 0.032
4.920, -0.162, -0.002, 0.032
4.937, -0.162, -0.002, 0.032
4.954, -0.162, -0.002, 0.032
4.970, -0.162, -0.002, 0.032
4.987, -0.162, -0.002, 0.032
5.004, -0.162, -0.002, 0.032
5.020, -0.162, -0.002, 0.032
5.037, -0.162, -0.002, 0.032
5.054, -0.162, -0.002, 0.032
5.070, -0.162, -0.002, 0.032
5.087, -0.162, -0.002, 0.032
5.104, -0.162, -0.002, 0.032
5.120, -0.162, -0.002, 0.032
5.137, -0.162, -0.002, 0.032
5.154, -0.162, -0.002, 0.032
5.170, -0.162, -0.002, 0.032
5.187, -0.162, -0.002, 0.032
5.204, -0.163, -0.003, 0.032
5.220, -0.163, -0.003, 0.032
5.237, -0.163, -0.003, 0.032
5.254, -0.163, -0.003, 0.032
5.270, -0.163, -0.003, 0.032
5.287, -0.163, -0.003, 0.032
5.304, -0.163, -0.003, 0.032
5.320, -0.163, -0.003, 0.032
5.337, -0.163, -0.004, 0.032
5.353, -0.162, -0.004, 0.032
5.370, -0.162, -0.004, 0.032
5.387, -0.162, -0.004, 0.032
5.404, -0.162, -0.004, 0.033
5.420, -0.162, -0.004, 0.033
5.437, -0.162, -0.004, 0.032
5.453, -0.162, -0.004, 0.033
5.470, -0.162, -0.004, 0.032
5.487, -0.162, -0.004, 0.032
5.504, -0.162, -0.004, 0.032
5.520, -0.162, -0.004, 0.032
5.537, -0.162, -0.004, 0.032
5.554, -0.162, -0.004, 0.032
5.570, -0.162, -0.004, 0.032
5.587, -0.162, -0.004, 0.032
5.604, -0.162, -0.004, 0.032
5.620, -0.161, -0.004, 0.032
5.637, -0.162, -0.004, 0.032
5.653, -0.161, -0.004, 0.032
5.670, -0.161, -0.005, 0.032
5.687, -0.162, -0.004, 0.032
5.704, -0.161, -0.004, 0.032
5.720, -0.162, -0.004, 0.032
5.737, -0.162, -0.004, 0.032
5.753, -0.161, -0.004, 0.032
5.770, -0.162, -0.004, 0.032
5.787, -0.162, -0.004, 0.032
5.804, -0.161, -0.004, 0.032
5.820, -0.162, -0.004, 0.032
5.837, -0.161, -0.004, 0.032
5.853, -0.161, -0.004, 0.032
5.870, -0.161, -0.005, 0.032
5.887, -0.161, -0.005, 0.032
5.904, -0.161, -0.004, 0.033
5.920, -0.161, -0.004, 0.033
5.937, -0.161, -0.004, 0.033
5.953, -0.161, -0.005, 0.034
5.970, -0.161, -0.005, 0.034
5.987, -0.161, -0.005, 0.034
6.004, -0.160, -0.005, 0.034
6.020, -0.160, -0.005, 0.035
6.037, -0.159, -0.005, 0.035
6.053, -0.159, -0.005, 0.035
6.070, -0.158, -0.005, 0.035
6.087, -0.158, -0.005, 0.035
6.104, -0.157, -0.005, 0.035
6.120, -0.155, -0.005, 0.036
6.137, -0.155, -0.005, 0.036
6.153, -0.154, -0.004, 0.035
6.170, -0.153, -0.005, 0.036
6.187, -0.152, -0.004, 0.036
6.204, -0.150, -0.005, 0.037
6.220, -0.148, -0.004, 0.037
6.237, -0.148, -0.004, 0.037
6.253, -0.146, -0.004, 0.038
6.270, -0.143, -0.004, 0.039
6.287, -0.142, -0.003, 0.038
6.304, -0.140, -0.004, 0.039
6.320, -0.136, -0.004, 0.039
6.337, -0.134, -0.004, 0.039
6.354, -0.132, -0.003, 0.039
6.370, -0.127, -0.003, 0.039
6.387, -0.126, -0.003, 0.040
6.404, -0.122, -0.003, 0.040
6.420, -0.116, -0.003, 0.041
6.437, -0.114, -0.003, 0.041
6.454, -0.110, -0.003, 0.042
6.470, -0.104, -0.003, 0.043
6.487, -0.101, -0.004, 0.044
6.504, -0.096, -0.004, 0.044
6.520, -0.089, -0.004, 0.047
6.537, -0.086, -0.004, 0.048
6.553, -0.081, -0.004, 0.049
6.570, -0.073, -0.005, 0.051
6.587, -0.070, -0.005, 0.052
6.604, -0.064, -0.005, 0.055
6.620, -0.055, -0.006, 0.058
6.637, -0.052, -0.006, 0.059
6.653, -0.045, -0.006, 0.061
6.670, -0.036, -0.007, 0.065
6.687, -0.032, -0.007, 0.066
6.704, -0.025, -0.008, 0.069
6.720, -0.015, -0.008, 0.074
6.737, -0.008, -0.008, 0.077
6.753, -0.004, -0.009, 0.078
6.770, 0.007, -0.009, 0.083
6.787, 0.011, -0.009, 0.086
6.804, 0.019, -0.009, 0.089
6.820, 0.031, -0.009, 0.095
6.837, 0.035, -0.010, 0.097
6.854, 0.043, -0.010, 0.101
6.870, 0.055, -0.010, 0.107
6.887, 0.063, -0.010, 0.111
6.904, 0.067, -0.010, 0.113
6.920, 0.080, -0.010, 0.120
6.937, 0.084, -0.010, 0.122
6.954, 0.092, -0.010, 0.126
6.970, 0.105, -0.010, 0.134
6.987, 0.113, -0.010, 0.138
7.003, 0.117, -0.010, 0.141
7.020, 0.128, -0.009, 0.147
7.037, 0.132, -0.009, 0.150
7.054, 0.139, -0.009, 0.155
7.070, 0.150, -0.008, 0.162
7.087, 0.153, -0.008, 0.165
7.104, 0.163, -0.007, 0.172
7.120, 0.169, -0.006, 0.177
7.137, 0.172, -0.006, 0.180
7.154, 0.177, -0.005, 0.185
7.170, 0.185, -0.004, 0.193
7.187, 0.187, -0.003, 0.195
7.203, 0.194, -0.002, 0.203
7.220, 0.198, -0.000, 0.209
7.237, 0.199, 0.000, 0.212
7.254, 0.202, 0.001, 0.217
7.270, 0.206, 0.003, 0.225
7.287, 0.207, 0.004, 0.228
7.303, 0.209, 0.005, 0.233
7.320, 0.211, 0.008, 0.241
7.337, 0.212, 0.009, 0.244
7.354, 0.212, 0.010, 0.249
7.370, 0.213, 0.013, 0.257
7.387, 0.212, 0.014, 0.260
7.403, 0.212, 0.015, 0.265
7.420, 0.210, 0.018, 0.273
7.437, 0.208, 0.020, 0.278
7.454, 0.207, 0.022, 0.281
7.470, 0.203, 0.025, 0.289
7.487, 0.202, 0.026, 0.292
7.503, 0.196, 0.029, 0.300
7.520, 0.193, 0.031, 0.305
7.537, 0.191, 0.032, 0.308
7.554, 0.186, 0.035, 0.313
7.570, 0.179, 0.038, 0.321
7.587, 0.177, 0.039, 0.323
7.603, 0.172, 0.041, 0.328
7.620, 0.163, 0.044, 0.336
7.637, 0.160, 0.045, 0.338
7.654, 0.155, 0.046, 0.343
7.670, 0.145, 0.049, 0.349
7.687, 0.139, 0.050, 0.354
7.703, 0.136, 0.050, 0.356
7.720, 0.127, 0.052, 0.363
7.737, 0.123, 0.053, 0.365
7.754, 0.117, 0.054, 0.369
7.770, 0.107, 0.055, 0.375
7.787, 0.104, 0.055, 0.376
7.803, 0.097, 0.056, 0.380
7.820, 0.088, 0.056, 0.385
7.837, 0.081, 0.056, 0.388
7.854, 0.078, 0.056, 0.390
7.870, 0.069, 0.055, 0.395
7.887, 0.066, 0.055, 0.397
7.903, 0.060, 0.054, 0.400
7.920, 0.051, 0.053, 0.404
7.937, 0.048, 0.052, 0.406
7.954, 0.043, 0.051, 0.408
7.970, 0.035, 0.048, 0.412
7.987, 0.032, 0.048, 0.414
8.003, 0.027, 0.046, 0.416
8.020, 0.020, 0.043, 0.420
8.037, 0.018, 0.042, 0.421
8.054, 0.014, 0.039, 0.424
8.070, 0.008, 0.035, 0.427
8.087, 0.004, 0.033, 0.429
8.103, 0.002, 0.031, 0.430
8.120, -0.003, 0.027, 0.433
8.137, -0.005, 0.026, 0.434
8.154, -0.007, 0.022, 0.436
8.170, -0.012, 0.018, 0.439
8.187, -0.013, 0.016, 0.440
8.203, -0.015, 0.012, 0.441
8.220, -0.018, 0.007, 0.444
8.237, -0.019, 0.005, 0.445
8.254, -0.020, 0.002, 0.446
8.270, -0.022, -0.004, 0.449
8.287, -0.022, -0.006, 0.449
8.303, -0.023, -0.010, 0.450
8.320, -0.023, -0.016, 0.453
8.337, -0.023, -0.018, 0.453
8.354, -0.023, -0.022, 0.454
8.370, -0.023, -0.028, 0.456
8.387, -0.022, -0.030, 0.457
8.404, -0.022, -0.034, 0.457
8.420, -0.020, -0.040, 0.459
8.437, -0.019, -0.042, 0.459
8.454, -0.018, -0.046, 0.460
8.470, -0.015, -0.051, 0.462
8.487, -0.014, -0.053, 0.462
8.503, -0.012, -0.056, 0.463
8.520, -0.009, -0.061, 0.464
8.537, -0.008, -0.063, 0.464
8.554, -0.005, -0.066, 0.465
8.570, -0.001, -0.070, 0.466
8.587, 0.000, -0.071, 0.467
8.603, 0.003, -0.073, 0.467
8.620, 0.007, -0.076, 0.468
8.637, 0.009, -0.077, 0.468
8.654, 0.012, -0.079, 0.469
8.670, 0.017, -0.081, 0.469
8.687, 0.020, -0.082, 0.470
8.704, 0.022, -0.083, 0.470
8.720, 0.026, -0.084, 0.471
8.737, 0.028, -0.084, 0.471
8.754, 0.031, -0.085, 0.472
8.770, 0.036, -0.085, 0.473
8.787, 0.037, -0.085, 0.473
8.804, 0.040, -0.084, 0.474
8.820, 0.044, -0.083, 0.475
8.837, 0.046, -0.083, 0.476
8.854, 0.048, -0.082, 0.477
8.870, 0.052, -0.081, 0.478
8.887, 0.053, -0.080, 0.478
8.904, 0.056, -0.078, 0.480
8.920, 0.057, -0.076, 0.481
8.937, 0.059, -0.074, 0.481
8.954, 0.060, -0.073, 0.482
8.970, 0.061, -0.070, 0.483
8.987, 0.062, -0.069, 0.484
9.004, 0.063, -0.065, 0.485
9.020, 0.063, -0.063, 0.486
9.037, 0.063, -0.061, 0.487
9.054, 0.063, -0.059, 0.488
9.070, 0.063, -0.055, 0.489
9.087, 0.063, -0.054, 0.490
9.104, 0.062, -0.051, 0.491
9.120, 0.061, -0.047, 0.492
9.137, 0.060, -0.046, 0.492
9.154, 0.059, -0.043, 0.493
9.170, 0.057, -0.038, 0.494
9.187, 0.056, -0.037, 0.495
9.204, 0.055, -0.034, 0.496
9.220, 0.052, -0.030, 0.497
9.237, 0.051, -0.029, 0.497
9.253, 0.049, -0.027, 0.498
9.270, 0.046, -0.023, 0.499
9.287, 0.043, -0.020, 0.499
9.304, 0.042, -0.019, 0.500
9.320, 0.039, -0.016, 0.501
9.337, 0.037, -0.015, 0.501
9.353, 0.035, -0.013, 0.501
9.370, 0.031, -0.010, 0.502
9.387, 0.030, -0.009, 0.502
9.404, 0.026, -0.007, 0.503
9.420, 0.023, -0.006, 0.503
9.437, 0.020, -0.004, 0.503
9.454, 0.019, -0.004, 0.504
9.470, 0.015, -0.002, 0.504
9.487, 0.013, -0.002, 0.504
9.504, 0.011, -0.001, 0.504
9.520, 0.007, 0.000, 0.504
9.537, 0.006, 0.000, 0.504
9.554, 0.003, 0.001, 0.505
9.570, -0.001, 0.001, 0.505
9.587, -0.002, 0.001, 0.505
9.604, -0.004, 0.001, 0.505
9.620, -0.008, 0.001, 0.505
9.637, -0.009, 0.001, 0.505
9.654, -0.011, 0.000, 0.505
9.670, -0.014, -0.000, 0.505
9.687, -0.015, -0.001, 0.505
9.704, -0.017, -0.001, 0.505
9.720, -0.020, -0.003, 0.505
9.737, -0.020, -0.003, 0.506
9.754, -0.022, -0.004, 0.506
9.770, -0.024, -0.006, 0.506
9.787, -0.025, -0.006, 0.506
9.803, -0.027, -0.008, 0.506
9.820, -0.028, -0.009, 0.506
9.837, -0.029, -0.010, 0.506
9.854, -0.029, -0.011, 0.506
9.870, -0.030, -0.013, 0.506
9.887, -0.031, -0.014, 0.507
9.904, -0.032, -0.016, 0.507
9.920, -0.032, -0.018, 0.507
9.937, -0.032, -0.019, 0.507
9.953, -0.033, -0.020, 0.507
9.970, -0.033, -0.022, 0.508
9.987, -0.033, -0.023, 0.508
10.003, -0.033, -0.025, 0.508
10.020, -0.032, -0.027, 0.509
10.037, -0.032, -0.028, 0.509
10.053, -0.032, -0.029, 0.509
10.070, -0.031, -0.032, 0.510
10.087, -0.031, -0.032, 0.510
10.103, -0.030, -0.035, 0.511
10.120, -0.030, -0.036, 0.511
10.137, -0.029, -0.037, 0.511
10.153, -0.028, -0.038, 0.512
10.170, -0.027, -0.040, 0.513
10.187, -0.027, -0.041, 0.513
10.203, -0.026, -0.042, 0.513
10.220, -0.024, -0.044, 0.514
10.237, -0.023, -0.044, 0.515
10.254, -0.022, -0.045, 0.515
10.270, -0.020, -0.047, 0.516
10.287, -0.020, -0.047, 0.516
10.303, -0.019, -0.048, 0.517
10.320, -0.017, -0.050, 0.518
10.337, -0.016, -0.050, 0.518
10.354, -0.015, -0.051, 0.519
10.370, -0.013, -0.052, 0.519
10.387, -0.012, -0.052, 0.519
10.403, -0.011, -0.052, 0.520
10.420, -0.009, -0.053, 0.520
10.437, -0.009, -0.053, 0.520
10.454, -0.008, -0.053, 0.521
10.470, -0.006, -0.054, 0.521
10.487, -0.006, -0.054, 0.521
10.504, -0.004, -0.054, 0.522
10.520, -0.003, -0.053, 0.522
10.537, -0.003, -0.053, 0.522
10.554, -0.002, -0.053, 0.522
10.570, -0.001, -0.053, 0.523
10.587, -0.000, -0.052, 0.523
10.603, 0.001, -0.051, 0.523
10.620, 0.001, -0.051, 0.523
10.637, 0.002, -0.050, 0.523
10.654, 0.002, -0.050, 0.523
10.670, 0.003, -0.048, 0.523
10.687, 0.003, -0.048, 0.524
10.703, 0.003, -0.047, 0.523
10.720, 0.004, -0.046, 0.524
10.737, 0.004, -0.045, 0.524
10.754, 0.004, -0.044, 0.524
10.770, 0.004, -0.042, 0.524
10.787, 0.004, -0.041, 0.524
10.804, 0.004, -0.040, 0.524
10.820, 0.004, -0.038, 0.524
10.837, 0.004, -0.037, 0.524
10.853, 0.004, -0.036, 0.524
10.870, 0.003, -0.034, 0.524
10.887, 0.003, -0.033, 0.524
10.904, 0.003, -0.032, 0.524
10.920, 0.002, -0.030, 0.524
10.937, 0.001, -0.029, 0.523
10.954, 0.001, -0.028, 0.523
10.970, 0.000, -0.026, 0.523
10.987, -0.000, -0.025, 0.523
11.004, -0.001, -0.023, 0.523
11.020, -0.002, -0.022, 0.522
11.037, -0.002, -0.021, 0.522
11.054, -0.003, -0.020, 0.522
11.070, -0.004, -0.018, 0.522
11.087, -0.004, -0.018, 0.522
11.103, -0.005, -0.016, 0.522
11.120, -0.006, -0.015, 0.521
11.137, -0.007, -0.014, 0.521
11.153, -0.007, -0.013, 0.521
11.170, -0.009, -0.011, 0.520
11.187, -0.009, -0.011, 0.520
11.203, -0.010, -0.009, 0.520
11.220, -0.011, -0.008, 0.520
11.237, -0.012, -0.008, 0.520
11.253, -0.013, -0.007, 0.520
11.270, -0.014, -0.005, 0.520
11.287, -0.014, -0.005, 0.520
11.303, -0.015, -0.004, 0.520
11.320, -0.016, -0.003, 0.520
11.337, -0.017, -0.002, 0.521
11.353, -0.018, -0.002, 0.521
11.370, -0.019, -0.001, 0.521
11.387, -0.019, -0.000, 0.521
11.403, -0.020, 0.000, 0.521
11.420, -0.021, 0.001, 0.522
11.437, -0.021, 0.001, 0.522
11.453, -0.022, 0.001, 0.522
11.470, -0.023, 0.002, 0.523
11.487, -0.023, 0.002, 0.523
11.503, -0.023, 0.002, 0.523
11.520, -0.024, 0.002, 0.524
11.537, -0.024, 0.002, 0.524
11.554, -0.025, 0.002, 0.524
11.570, -0.025, 0.002, 0.525
11.587, -0.026, 0.002, 0.525
11.604, -0.026, 0.002, 0.526
11.620, -0.026, 0.002, 0.526
11.637, -0.027, 0.002, 0.526
11.654, -0.027, 0.001, 0.527
11.670, -0.027, 0.001, 0.528
11.687, -0.027, 0.000, 0.528
11.704, -0.027, -0.000, 0.528
11.720, -0.027, -0.001, 0.529
11.737, -0.027, -0.001, 0.529
11.753, -0.027, -0.002, 0.529
11.770, -0.027, -0.002, 0.530
11.787, -0.027, -0.003, 0.530
11.804, -0.027, -0.003, 0.530
11.820, -0.027, -0.004, 0.530
11.837, -0.027, -0.005, 0.531
11.854, -0.026, -0.005, 0.531
11.870, -0.026, -0.007, 0.531
11.887, -0.026, -0.007, 0.531
11.903, -0.025, -0.008, 0.532
11.920, -0.025, -0.009, 0.532
11.937, -0.025, -0.009, 0.532
11.954, -0.025, -0.010, 0.532
11.970, -0.024, -0.010, 0.532
11.987, -0.024, -0.011, 0.532
12.003, -0.023, -0.012, 0.533
12.020, -0.023, -0.012, 0.533
12.037, -0.023, -0.013, 0.533
12.053, -0.022, -0.013, 0.533
12.070, -0.022, -0.014, 0.533
12.087, -0.021, -0.014, 0.534
12.103, -0.021, -0.015, 0.534
12.120, -0.020, -0.015, 0.534
12.137, -0.020, -0.015, 0.534
12.153, -0.020, -0.016, 0.534
12.170, -0.019, -0.016, 0.535
12.187, -0.019, -0.016, 0.535
12.203, -0.019, -0.017, 0.535
12.220, -0.018, -0.017, 0.535
12.237, -0.018, -0.017, 0.535
12.253, -0.018, -0.018, 0.535
12.270, -0.018, -0.018, 0.536
12.287, -0.018, -0.018, 0.536
12.303, -0.017, -0.018, 0.536
12.320, -0.017, -0.019, 0.536
12.337, -0.017, -0.019, 0.536
12.353, -0.016, -0.019, 0.536
12.370, -0.016, -0.019, 0.536
12.387, -0.016, -0.020, 0.536
12.403, -0.015, -0.020, 0.535
12.420, -0.015, -0.020, 0.535
12.437, -0.015, -0.020, 0.535
12.453, -0.015, -0.021, 0.535
12.470, -0.014, -0.021, 0.534
12.487, -0.014, -0.021, 0.534
12.503, -0.014, -0.022, 0.534
12.520, -0.014, -0.022, 0.533
12.537, -0.014, -0.022, 0.533
12.554, -0.013, -0.023, 0.532
12.570, -0.013, -0.024, 0.531
12.587, -0.012, -0.024, 0.531
12.603, -0.012, -0.024, 0.531
12.620, -0.011, -0.025, 0.530
12.637, -0.011, -0.026, 0.529
12.654, -0.010, -0.026, 0.529
12.670, -0.010, -0.027, 0.528
12.687, -0.010, -0.028, 0.528
12.703, -0.009, -0.028, 0.527
12.720, -0.008, -0.029, 0.526
12.737, -0.008, -0.030, 0.525
12.753, -0.007, -0.031, 0.525
12.770, -0.006, -0.032, 0.524
12.787, -0.006, -0.032, 0.523
12.803, -0.005, -0.033, 0.523
12.820, -0.004, -0.034, 0.521
12.837, -0.004, -0.034, 0.521
12.854, -0.003, -0.035, 0.520
12.870, -0.002, -0.037, 0.519
12.887, -0.001, -0.037, 0.518
12.903, -0.000, -0.038, 0.517
12.920, 0.001, -0.039, 0.516
12.937, 0.002, -0.040, 0.515
12.954, 0.002, -0.040, 0.514
12.970, 0.003, -0.042, 0.512
12.987, 0.004, -0.042, 0.512
13.003, 0.004, -0.043, 0.511
13.020, 0.006, -0.044, 0.509
13.037, 0.006, -0.044, 0.509
13.054, 0.007, -0.045, 0.507
13.070, 0.008, -0.046, 0.505
13.087, 0.009, -0.047, 0.505
13.104, 0.010, -0.048, 0.503
13.120, 0.011, -0.049, 0.502
13.137, 0.011, -0.049, 0.502
13.154, 0.012, -0.050, 0.500
13.170, 0.014, -0.050, 0.499
13.187, 0.014, -0.051, 0.498
13.204, 0.015, -0.052, 0.497
13.220, 0.016, -0.052, 0.496
13.237, 0.017, -0.052, 0.495
13.254, 0.017, -0.053, 0.494
13.270, 0.019, -0.053, 0.492
13.287, 0.019, -0.053, 0.492
13.303, 0.020, -0.054, 0.491
13.320, 0.021, -0.054, 0.489
13.337, 0.021, -0.054, 0.489
13.354, 0.022, -0.054, 0.488
13.370, 0.023, -0.054, 0.486
13.387, 0.024, -0.054, 0.486
13.404, 0.025, -0.054, 0.484
13.420, 0.026, -0.054, 0.483
13.437, 0.026, -0.054, 0.483
13.454, 0.027, -0.054, 0.482
13.470, 0.027, -0.053, 0.480
13.487, 0.028, -0.053, 0.480
13.503, 0.029, -0.052, 0.479
13.520, 0.029, -0.052, 0.478
13.537, 0.029, -0.052, 0.477
13.554, 0.030, -0.051, 0.477
13.570, 0.030, -0.050, 0.476
13.587, 0.031, -0.049, 0.475
13.604, 0.031, -0.048, 0.474
13.620, 0.031, -0.047, 0.474
13.637, 0.032, -0.047, 0.474
13.654, 0.032, -0.046, 0.473
13.670, 0.032, -0.044, 0.473
13.687, 0.032, -0.044, 0.472
13.704, 0.032, -0.043, 0.472
13.720, 0.033, -0.041, 0.472
13.737, 0.033, -0.040, 0.471
13.754, 0.033, -0.039, 0.471
13.770, 0.033, -0.037, 0.471
13.787, 0.033, -0.036, 0.470
13.804, 0.033, -0.035, 0.470
13.820, 0.033, -0.033, 0.470
13.837, 0.033, -0.033, 0.470
13.854, 0.033, -0.032, 0.469
13.870, 0.033, -0.029, 0.469
13.887, 0.033, -0.029, 0.469
13.903, 0.032, -0.028, 0.469
13.920, 0.032, -0.026, 0.468
13.937, 0.032, -0.025, 0.468
13.954, 0.032, -0.024, 0.468
13.970, 0.032, -0.022, 0.467
13.987, 0.032, -0.021, 0.467
14.004, 0.032, -0.020, 0.467
14.020, 0.031, -0.018, 0.466
14.037, 0.031, -0.018, 0.466
14.054, 0.031, -0.017, 0.465
14.070, 0.031, -0.015, 0.464
14.087, 0.031, -0.015, 0.464
14.103, 0.031, -0.014, 0.463
14.120, 0.031, -0.012, 0.462
14.137, 0.031, -0.012, 0.461
14.154, 0.030, -0.011, 0.461
14.170, 0.030, -0.010, 0.460
14.187, 0.030, -0.010, 0.459
14.204, 0.030, -0.009, 0.458
14.220, 0.030, -0.008, 0.457
14.237, 0.030, -0.008, 0.457
14.254, 0.030, -0.007, 0.457
14.270, 0.029, -0.007, 0.456
14.287, 0.029, -0.007, 0.455
14.303, 0.029, -0.006, 0.454
14.320, 0.028, -0.006, 0.454
14.337, 0.029, -0.006, 0.454
14.354, 0.028, -0.005, 0.453
14.370, 0.028, -0.005, 0.452
14.387, 0.028, -0.005, 0.452
14.403, 0.027, -0.005, 0.452
14.420, 0.027, -0.005, 0.452
14.437, 0.027, -0.005, 0.452
14.454, 0.027, -0.005, 0.452
14.470, 0.027, -0.005, 0.452
14.487, 0.026, -0.006, 0.452
14.503, 0.026, -0.006, 0.452
14.520, 0.026, -0.006, 0.452
14.537, 0.026, -0.006, 0.452
14.553, 0.025, -0.006, 0.452
14.570, 0.025, -0.007, 0.453
14.587, 0.025, -0.007, 0.453
14.603, 0.025, -0.008, 0.454
14.620, 0.025, -0.008, 0.454
14.637, 0.025, -0.008, 0.455
14.653, 0.024, -0.009, 0.455
14.670, 0.024, -0.009, 0.456
14.687, 0.024, -0.010, 0.457
14.703, 0.024, -0.010, 0.457
14.720, 0.024, -0.011, 0.458
14.737, 0.023, -0.012, 0.459
14.753, 0.024, -0.012, 0.459
14.770, 0.023, -0.013, 0.461
14.787, 0.023, -0.013, 0.461
14.803, 0.023, -0.014, 0.462
14.820, 0.023, -0.015, 0.463
14.837, 0.023, -0.015, 0.464
14.853, 0.023, -0.015, 0.465
14.870, 0.022, -0.016, 0.466
14.887, 0.023, -0.017, 0.467
14.903, 0.022, -0.017, 0.468
14.920, 0.022, -0.018, 0.469
14.937, 0.022, -0.018, 0.470
14.954, 0.022, -0.019, 0.471
14.970, 0.022, -0.019, 0.472
14.987, 0.022, -0.020, 0.473
15.004, 0.022, -0.020, 0.474
15.020, 0.021, -0.021, 0.475
15.037, 0.021, -0.021, 0.476
15.054, 0.021, -0.021, 0.476
15.070, 0.021, -0.022, 0.477
15.087, 0.021, -0.022, 0.478
15.104, 0.020, -0.022, 0.479
15.120, 0.020, -0.022, 0.480
15.137, 0.020, -0.022, 0.480
15.153, 0.019, -0.022, 0.481
15.170, 0.019, -0.022, 0.481
15.187, 0.019, -0.022, 0.482
15.203, 0.018, -0.022, 0.482
15.220, 0.018, -0.022, 0.483
15.237, 0.018, -0.022, 0.483
15.253, 0.018, -0.022, 0.484
15.270, 0.017, -0.022, 0.484
15.287, 0.017, -0.022, 0.485
15.303, 0.016, -0.021, 0.485
15.320, 0.016, -0.021, 0.485
15.337, 0.016, -0.021, 0.485
15.353, 0.015, -0.020, 0.485
15.370, 0.015, -0.020, 0.485
15.387, 0.014, -0.019, 0.486
15.404, 0.014, -0.019, 0.485
15.420, 0.013, -0.018, 0.486
15.437, 0.013, -0.018, 0.486
15.454, 0.012, -0.017, 0.486
15.470, 0.012, -0.017, 0.486
15.487, 0.012, -0.016, 0.486
15.504, 0.011, -0.016, 0.486
15.520, 0.010, -0.015, 0.486
15.537, 0.010, -0.014, 0.486
15.554, 0.009, -0.014, 0.486
15.570, 0.009, -0.013, 0.486
15.587, 0.008, -0.012, 0.486
15.604, 0.008, -0.012, 0.486
15.620, 0.007, -0.011, 0.486
15.637, 0.007, -0.010, 0.485
15.653, 0.006, -0.010, 0.485
15.670, 0.005, -0.009, 0.485
15.687, 0.005, -0.008, 0.485
15.704, 0.005, -0.007, 0.485
15.720, 0.004, -0.006, 0.485
15.737, 0.004, -0.006, 0.485
15.754, 0.003, -0.005, 0.485
15.770, 0.003, -0.004, 0.484
15.787, 0.002, -0.004, 0.484
15.804, 0.002, -0.003, 0.484
15.820, 0.001, -0.002, 0.484
15.837, 0.001, -0.002, 0.484
15.853, 0.001, -0.001, 0.484
15.870, 0.001, -0.000, 0.484
15.887, 0.000, -0.000, 0.484
15.904, 0.000, 0.001, 0.484
15.920, -0.000, 0.001, 0.484
15.937, 0.000, 0.001, 0.484
15.954, -0.000, 0.002, 0.484
15.970, -0.000, 0.002, 0.484
15.987, -0.000, 0.002, 0.484
16.004, -0.000, 0.003, 0.484
16.020, -0.000, 0.003, 0.484
16.037, -0.000, 0.003, 0.484
16.054, -0.000, 0.003, 0.484
16.070, 0.000, 0.004, 0.485
16.087, 0.000, 0.004, 0.485
16.103, 0.001, 0.004, 0.485
16.120, 0.001, 0.004, 0.485
16.137, 0.001, 0.004, 0.485
16.154, 0.002, 0.004, 0.485
16.170, 0.002, 0.005, 0.485
16.187, 0.003, 0.005, 0.486
16.203, 0.003, 0.005, 0.486
16.220, 0.004, 0.005, 0.486
16.237, 0.004, 0.005, 0.486
16.254, 0.004, 0.005, 0.487
16.270, 0.006, 0.006, 0.487
16.287, 0.006, 0.006, 0.487
16.303, 0.006, 0.006, 0.487
16.320, 0.007, 0.006, 0.488
16.337, 0.007, 0.006, 0.488
16.354, 0.008, 0.006, 0.488
16.370, 0.009, 0.006, 0.489
16.387, 0.009, 0.007, 0.489
16.403, 0.010, 0.007, 0.489
16.420, 0.011, 0.007, 0.490
16.437, 0.011, 0.007, 0.490
16.454, 0.012, 0.007, 0.490
16.470, 0.013, 0.007, 0.491
16.487, 0.013, 0.007, 0.491
16.503, 0.014, 0.007, 0.492
16.520, 0.015, 0.007, 0.493
16.537, 0.015, 0.007, 0.493
16.554, 0.016, 0.007, 0.493
16.570, 0.017, 0.006, 0.494
16.587, 0.018, 0.006, 0.495
16.603, 0.018, 0.006, 0.496
16.620, 0.019, 0.006, 0.496
16.637, 0.020, 0.005, 0.497
16.654, 0.020, 0.005, 0.497
16.670, 0.021, 0.005, 0.498
16.687, 0.021, 0.004, 0.498
16.703, 0.022, 0.004, 0.499
16.720, 0.022, 0.003, 0.500
16.737, 0.022, 0.003, 0.501
16.753, 0.023, 0.002, 0.501
16.770, 0.023, 0.001, 0.502
16.787, 0.023, 0.001, 0.503
16.804, 0.024, 0.000, 0.504
16.820, 0.024, -0.001, 0.505
16.837, 0.025, -0.001, 0.505
16.853, 0.025, -0.002, 0.506
16.870, 0.025, -0.003, 0.508
16.887, 0.025, -0.003, 0.509
16.904, 0.026, -0.005, 0.510
16.920, 0.026, -0.006, 0.511
16.937, 0.026, -0.006, 0.512
16.953, 0.026, -0.007, 0.513
16.970, 0.027, -0.009, 0.515
16.987, 0.026, -0.009, 0.515
17.004, 0.027, -0.011, 0.516
17.020, 0.027, -0.012, 0.517
17.037, 0.027, -0.013, 0.518
17.054, 0.027, -0.014, 0.519
17.070, 0.027, -0.016, 0.520
17.087, 0.027, -0.016, 0.520
17.103, 0.027, -0.019, 0.522
17.120, 0.027, -0.020, 0.522
17.137, 0.027, -0.021, 0.523
17.154, 0.027, -0.022, 0.523
17.170, 0.027, -0.024, 0.524
17.187, 0.027, -0.025, 0.524
17.204, 0.027, -0.027, 0.525
17.220, 0.026, -0.029, 0.525
17.237, 0.026, -0.030, 0.526
17.253, 0.027, -0.031, 0.526
17.270, 0.026, -0.034, 0.526
17.287, 0.027, -0.035, 0.527
17.304, 0.027, -0.036, 0.527
17.320, 0.026, -0.039, 0.527
17.337, 0.026, -0.039, 0.527
17.353, 0.026, -0.041, 0.528
17.370, 0.026, -0.043, 0.528
17.387, 0.026, -0.044, 0.528
17.404, 0.026, -0.045, 0.528
17.420, 0.026, -0.048, 0.529
17.437, 0.026, -0.048, 0.529
17.453, 0.026, -0.050, 0.530
17.470, 0.026, -0.052, 0.530
17.487, 0.026, -0.052, 0.530
17.503, 0.026, -0.053, 0.531
17.520, 0.026, -0.055, 0.532
17.537, 0.026, -0.056, 0.532
17.553, 0.026, -0.057, 0.533
17.570, 0.026, -0.058, 0.534
17.587, 0.026, -0.059, 0.534
17.604, 0.026, -0.059, 0.534
17.620, 0.026, -0.060, 0.535
17.637, 0.026, -0.061, 0.536
17.653, 0.025, -0.061, 0.536
17.670, 0.026, -0.062, 0.537
17.687, 0.025, -0.062, 0.538
17.704, 0.025, -0.062, 0.539
17.720, 0.025, -0.062, 0.539
17.737, 0.025, -0.063, 0.539
17.753, 0.025, -0.062, 0.540
17.770, 0.025, -0.062, 0.541
17.787, 0.024, -0.062, 0.541
17.804, 0.024, -0.062, 0.542
17.820, 0.024, -0.062, 0.543
17.837, 0.024, -0.062, 0.543
17.854, 0.024, -0.061, 0.543
17.870, 0.023, -0.061, 0.544
17.887, 0.023, -0.060, 0.544
17.904, 0.023, -0.060, 0.544
17.920, 0.023, -0.059, 0.545
17.937, 0.022, -0.059, 0.545
17.954, 0.022, -0.058, 0.545
17.970, 0.022, -0.057, 0.545
17.987, 0.022, -0.057, 0.545
18.004, 0.021, -0.056, 0.545
18.020, 0.021, -0.055, 0.545
18.037, 0.021, -0.055, 0.545
18.054, 0.021, -0.054, 0.545
18.070, 0.020, -0.053, 0.545
18.087, 0.020, -0.052, 0.545
18.104, 0.020, -0.051, 0.544
18.120, 0.019, -0.050, 0.544
18.137, 0.019, -0.050, 0.544
18.154, 0.018, -0.049, 0.544
18.170, 0.018, -0.047, 0.543
18.187, 0.017, -0.047, 0.543
18.204, 0.017, -0.046, 0.542
18.220, 0.016, -0.045, 0.541
18.237, 0.016, -0.044, 0.541
18.254, 0.015, -0.044, 0.541
18.270, 0.014, -0.042, 0.540
18.287, 0.014, -0.042, 0.539
18.303, 0.013, -0.041, 0.538
18.320, 0.012, -0.040, 0.538
18.337, 0.012, -0.040, 0.537
18.354, 0.011, -0.039, 0.536
18.370, 0.010, -0.039, 0.535
18.387, 0.010, -0.039, 0.535
18.403, 0.008, -0.038, 0.533
18.420, 0.008, -0.038, 0.532
18.437, 0.007, -0.037, 0.532
18.454, 0.006, -0.037, 0.531
18.470, 0.005, -0.037, 0.529
18.487, 0.005, -0.037, 0.529
18.504, 0.004, -0.037, 0.528
18.520, 0.003, -0.037, 0.526
18.537, 0.002, -0.037, 0.525
18.554, 0.002, -0.037, 0.524
18.570, 0.001, -0.038, 0.522
18.587, 0.000, -0.038, 0.522
18.604, -0.001, -0.038, 0.519
18.620, -0.002, -0.039, 0.518
18.637, -0.002, -0.039, 0.516
18.653, -0.002, -0.039, 0.516
18.670, -0.003, -0.040, 0.513
18.687, -0.004, -0.040, 0.512
18.704, -0.004, -0.041, 0.510
18.720, -0.005, -0.041, 0.508
18.737, -0.005, -0.042, 0.507
18.754, -0.005, -0.042, 0.505
18.770, -0.006, -0.043, 0.503
18.787, -0.006, -0.043, 0.502
18.804, -0.006, -0.044, 0.499
18.820, -0.007, -0.044, 0.498
18.837, -0.007, -0.045, 0.497
18.854, -0.007, -0.045, 0.496
18.870, -0.007, -0.046, 0.493
18.887, -0.007, -0.046, 0.493
18.904, -0.007, -0.046, 0.492
18.920, -0.007, -0.047, 0.490
18.937, -0.006, -0.047, 0.489
18.953, -0.006, -0.047, 0.488
18.970, -0.006, -0.047, 0.487
18.987, -0.006, -0.047, 0.486
19.004, -0.005, -0.047, 0.485
19.020, -0.005, -0.047, 0.484
19.037, -0.005, -0.047, 0.484
19.053, -0.004, -0.047, 0.483
19.070, -0.003, -0.047, 0.482
19.087, -0.003, -0.047, 0.482
19.104, -0.002, -0.047, 0.481
19.120, -0.002, -0.047, 0.481
19.137, -0.001, -0.047, 0.480
19.154, -0.001, -0.047, 0.480
19.170, 0.000, -0.046, 0.480
19.187, 0.001, -0.046, 0.479
19.204, 0.001, -0.046, 0.479
19.220, 0.002, -0.045, 0.479
19.237, 0.002, -0.045, 0.478
19.253, 0.003, -0.045, 0.478
19.270, 0.004, -0.044, 0.478
19.287, 0.005, -0.044, 0.478
19.304, 0.005, -0.043, 0.477
19.320, 0.006, -0.043, 0.477
19.337, 0.006, -0.043, 0.477
19.354, 0.007, -0.042, 0.478
19.370, 0.008, -0.041, 0.478
19.387, 0.008, -0.041, 0.478
19.404, 0.009, -0.040, 0.478
19.420, 0.009, -0.039, 0.478
19.437, 0.010, -0.039, 0.478
19.454, 0.010, -0.039, 0.478
19.470, 0.010, -0.038, 0.479
19.487, 0.010, -0.037, 0.479
19.504, 0.011, -0.036, 0.479
19.520, 0.011, -0.035, 0.480
19.537, 0.011, -0.035, 0.480
19.554, 0.011, -0.034, 0.481
19.570, 0.012, -0.033, 0.481
19.587, 0.011, -0.033, 0.482
19.604, 0.012, -0.032, 0.483
19.620, 0.012, -0.031, 0.483
19.637, 0.012, -0.031, 0.484
19.654, 0.012, -0.030, 0.484
19.670, 0.011, -0.029, 0.485
19.687, 0.011, -0.028, 0.486
19.704, 0.011, -0.027, 0.486
19.720, 0.011, -0.026, 0.486
19.737, 0.011, -0.026, 0.487
19.754, 0.011, -0.025, 0.487
19.770, 0.010, -0.024, 0.488
19.787, 0.010, -0.024, 0.488
19.803, 0.010, -0.023, 0.488
19.820, 0.009, -0.022, 0.489
19.837, 0.009, -0.022, 0.489
19.854, 0.009, -0.021, 0.489
19.870, 0.008, -0.020, 0.489
19.887, 0.007, -0.020, 0.489
19.903, 0.007, -0.019, 0.489
19.920, 0.006, -0.018, 0.489
19.937, 0.005, -0.018, 0.489
19.954, 0.005, -0.017, 0.489
19.970, 0.004, -0.016, 0.489
19.987, 0.004, -0.016, 0.489
20.003, 0.003, -0.015, 0.489
20.020, 0.002, -0.015, 0.489
20.037, 0.001, -0.015, 0.489
20.054, 0.001, -0.014, 0.489
20.070, -0.000, -0.014, 0.489
20.087, -0.001, -0.014, 0.489
20.103, -0.002, -0.013, 0.489
20.120, -0.003, -0.013, 0.489
20.137, -0.003, -0.013, 0.489
20.153, -0.004, -0.013, 0.489
20.170, -0.005, -0.013, 0.489
20.187, -0.006, -0.013, 0.489
20.203, -0.006, -0.013, 0.489
20.220, -0.007, -0.013, 0.489
20.237, -0.008, -0.013, 0.489
20.254, -0.008, -0.014, 0.490
20.270, -0.009, -0.014, 0.490
20.287, -0.010, -0.014, 0.490
20.303, -0.011, -0.014, 0.491
20.320, -0.011, -0.014, 0.491
20.337, -0.012, -0.014, 0.492
20.354, -0.012, -0.014, 0.492
20.370, -0.013, -0.014, 0.493
20.387, -0.013, -0.014, 0.494
20.403, -0.014, -0.013, 0.494
20.420, -0.015, -0.013, 0.495
20.437, -0.015, -0.013, 0.496
20.454, -0.015, -0.013, 0.497
20.470, -0.016, -0.013, 0.498
20.487, -0.016, -0.013, 0.498
20.503, -0.017, -0.013, 0.500
20.520, -0.017, -0.013, 0.501
20.537, -0.017, -0.012, 0.502
20.554, -0.018, -0.012, 0.502
20.570, -0.018, -0.012, 0.504
20.587, -0.018, -0.012, 0.504
20.604, -0.019, -0.012, 0.505
20.620, -0.018, -0.012, 0.506
20.637, -0.019, -0.012, 0.507
20.654, -0.019, -0.012, 0.508
20.670, -0.019, -0.012, 0.509
20.687, -0.019, -0.012, 0.509
20.703, -0.019, -0.012, 0.510
20.720, -0.019, -0.012, 0.511
20.737, -0.019, -0.012, 0.511
20.754, -0.019, -0.012, 0.511
20.770, -0.019, -0.012, 0.512
20.787, -0.019, -0.012, 0.512
20.803, -0.018, -0.012, 0.513
20.820, -0.018, -0.013, 0.513
20.837, -0.018, -0.013, 0.513
20.854, -0.018, -0.013, 0.514
20.870, -0.017, -0.013, 0.514
20.887, -0.017, -0.013, 0.514
20.903, -0.016, -0.013, 0.514
20.920, -0.016, -0.013, 0.514
20.937, -0.015, -0.013, 0.514
20.954, -0.015, -0.013, 0.514
20.970, -0.014, -0.013, 0.514
20.987, -0.014, -0.013, 0.514
21.003, -0.012, -0.014, 0.514
21.020, -0.012, -0.014, 0.514
21.037, -0.011, -0.014, 0.514
21.054, -0.011, -0.014, 0.514
21.070, -0.010, -0.014, 0.513
21.087, -0.009, -0.014, 0.513
21.103, -0.008, -0.014, 0.513
21.120, -0.008, -0.014, 0.513
21.137, -0.007, -0.015, 0.512
21.154, -0.006, -0.015, 0.512
21.170, -0.005, -0.015, 0.512
21.187, -0.004, -0.015, 0.512
21.204, -0.003, -0.015, 0.511
21.220, -0.002, -0.015, 0.511
21.237, -0.002, -0.015, 0.511
21.254, -0.001, -0.015, 0.510
21.270, 0.000, -0.016, 0.510
21.287, 0.001, -0.015, 0.509
21.304, 0.002, -0.016, 0.509
21.320, 0.003, -0.015, 0.508
21.337, 0.003, -0.015, 0.508
21.354, 0.004, -0.015, 0.508
21.370, 0.005, -0.015, 0.507
21.387, 0.006, -0.015, 0.507
21.404, 0.007, -0.015, 0.507
21.420, 0.008, -0.015, 0.507
21.437, 0.008, -0.015, 0.506
21.453, 0.009, -0.015, 0.506
21.470, 0.010, -0.014, 0.506
21.487, 0.010, -0.014, 0.506
21.504, 0.011, -0.014, 0.506
21.520, 0.012, -0.014, 0.506
21.537, 0.012, -0.014, 0.506
21.554, 0.013, -0.013, 0.505
21.570, 0.013, -0.013, 0.505
21.587, 0.014, -0.013, 0.505
21.604, 0.015, -0.013, 0.505
21.620, 0.015, -0.013, 0.506
21.637, 0.015, -0.012, 0.505
21.653, 0.015, -0.012, 0.506
21.670, 0.016, -0.012, 0.506
21.687, 0.016, -0.012, 0.506
21.704, 0.017, -0.012, 0.506
21.720, 0.017, -0.012, 0.506
21.737, 0.017, -0.012, 0.506
21.753, 0.017, -0.012, 0.506
21.770, 0.018, -0.012, 0.507
21.787, 0.018, -0.012, 0.507
21.804, 0.018, -0.012, 0.507
21.820, 0.018, -0.013, 0.507
21.837, 0.018, -0.013, 0.507
21.853, 0.019, -0.013, 0.508
21.870, 0.019, -0.013, 0.508
21.887, 0.019, -0.013, 0.508
21.903, 0.019, -0.013, 0.509
21.920, 0.019, -0.013, 0.509
21.937, 0.019, -0.013, 0.509
21.953, 0.020, -0.014, 0.509
21.970, 0.020, -0.014, 0.509
21.987, 0.020, -0.014, 0.510
22.003, 0.020, -0.015, 0.510
22.020, 0.020, -0.015, 0.510
22.037, 0.020, -0.015, 0.510
22.053, 0.020, -0.015, 0.510
22.070, 0.020, -0.016, 0.511
22.087, 0.020, -0.016, 0.511
22.103, 0.020, -0.017, 0.511
22.120, 0.020, -0.017, 0.511
22.137, 0.020, -0.017, 0.511
22.153, 0.020, -0.018, 0.511
22.170, 0.020, -0.018, 0.511
22.187, 0.020, -0.018, 0.511
22.204, 0.020, -0.019, 0.511
22.220, 0.020, -0.019, 0.511
22.237, 0.020, -0.020, 0.511
22.253, 0.019, -0.020, 0.511
22.270, 0.019, -0.020, 0.511
22.287, 0.019, -0.021, 0.510
22.304, 0.019, -0.021, 0.510
22.320, 0.018, -0.021, 0.510
22.337, 0.018, -0.021, 0.509
22.354, 0.018, -0.022, 0.509
22.370, 0.017, -0.022, 0.509
22.387, 0.017, -0.022, 0.508
22.404, 0.017, -0.022, 0.508
22.420, 0.017, -0.022, 0.508
22.437, 0.016, -0.022, 0.508
22.454, 0.016, -0.022, 0.507
22.470, 0.016, -0.022, 0.507
22.487, 0.015, -0.022, 0.507
22.503, 0.015, -0.022, 0.507
22.520, 0.015, -0.022, 0.506
22.537, 0.015, -0.022, 0.506
22.553, 0.015, -0.021, 0.506
22.570, 0.014, -0.021, 0.505
22.587, 0.014, -0.021, 0.505
22.603, 0.014, -0.020, 0.505
22.620, 0.014, -0.020, 0.505
22.637, 0.014, -0.020, 0.505
22.653, 0.014, -0.020, 0.505
22.670, 0.013, -0.019, 0.504
22.687, 0.013, -0.019, 0.504
22.703, 0.013, -0.018, 0.504
22.720, 0.013, -0.018, 0.504
22.737, 0.013, -0.017, 0.504
22.753, 0.013, -0.017, 0.504
22.770, 0.013, -0.016, 0.504
22.787, 0.013, -0.016, 0.504
22.804, 0.013, -0.015, 0.503
22.820, 0.013, -0.014, 0.503
22.837, 0.013, -0.014, 0.504
22.854, 0.013, -0.013, 0.503
22.870, 0.013, -0.012, 0.503
22.887, 0.013, -0.012, 0.503
22.903, 0.013, -0.011, 0.503
22.920, 0.014, -0.010, 0.503
22.937, 0.014, -0.010, 0.503
22.954, 0.014, -0.009, 0.503
22.970, 0.014, -0.008, 0.503
22.987, 0.014, -0.008, 0.503
23.003, 0.014, -0.007, 0.503
23.020, 0.014, -0.006, 0.503
23.037, 0.014, -0.006, 0.503
23.054, 0.014, -0.005, 0.503
23.070, 0.014, -0.004, 0.503
23.087, 0.014, -0.004, 0.503
23.103, 0.014, -0.003, 0.503
23.120, 0.014, -0.003, 0.503
23.137, 0.014, -0.002, 0.503
23.154, 0.014, -0.002, 0.503
23.170, 0.014, -0.001, 0.503
23.187, 0.014, -0.000, 0.503
23.203, 0.014, 0.000, 0.503
23.220, 0.014, 0.001, 0.502
23.237, 0.014, 0.001, 0.502
23.254, 0.015, 0.001, 0.503
23.270, 0.014, 0.002, 0.502
23.287, 0.015, 0.002, 0.502
23.303, 0.015, 0.003, 0.502
23.320, 0.014, 0.003, 0.502
23.337, 0.014, 0.003, 0.502
23.354, 0.015, 0.004, 0.502
23.370, 0.014, 0.004, 0.502
23.387, 0.014, 0.004, 0.502
23.403, 0.014, 0.004, 0.502
23.420, 0.014, 0.005, 0.501
23.437, 0.014, 0.005, 0.501
23.454, 0.014, 0.005, 0.501
23.470, 0.013, 0.005, 0.501
23.487, 0.013, 0.005, 0.501
23.503, 0.013, 0.005, 0.500
23.520, 0.013, 0.004, 0.500
23.537, 0.013, 0.004, 0.500
23.554, 0.012, 0.004, 0.499
23.570, 0.012, 0.004, 0.499
23.587, 0.012, 0.004, 0.499
23.604, 0.011, 0.003, 0.498
23.620, 0.011, 0.003, 0.498
23.637, 0.010, 0.002, 0.498
23.654, 0.010, 0.002, 0.498
23.670, 0.009, 0.001, 0.498
23.687, 0.009, 0.001, 0.498
23.704, 0.008, 0.000, 0.497
23.720, 0.007, -0.001, 0.497
23.737, 0.007, -0.001, 0.497
23.754, 0.006, -0.001, 0.497
23.770, 0.005, -0.002, 0.496
23.787, 0.005, -0.003, 0.496
23.804, 0.004, -0.004, 0.496
23.820, 0.004, -0.004, 0.496
23.837, 0.003, -0.005, 0.496
23.853, 0.003, -0.006, 0.496
23.870, 0.002, -0.007, 0.496
23.887, 0.001, -0.007, 0.495
23.904, 0.001, -0.008, 0.495
23.920, -0.000, -0.009, 0.495
23.937, -0.000, -0.009, 0.495
23.954, -0.001, -0.010, 0.495
23.970, -0.002, -0.011, 0.495
23.987, -0.002, -0.012, 0.495
24.004, -0.003, -0.013, 0.495
24.020, -0.004, -0.014, 0.495
24.037, -0.004, -0.015, 0.495
24.053, -0.004, -0.015, 0.495
24.070, -0.005, -0.016, 0.495
24.087, -0.005, -0.017, 0.495
24.104, -0.006, -0.018, 0.495
24.120, -0.007, -0.019, 0.495
24.137, -0.007, -0.020, 0.495
24.154, -0.007, -0.020, 0.495
24.170, -0.008, -0.022, 0.495
24.187, -0.008, -0.022, 0.495
24.204, -0.008, -0.024, 0.495
24.220, -0.009, -0.024, 0.495
24.237, -0.009, -0.025, 0.495
24.253, -0.009, -0.026, 0.495
24.270, -0.009, -0.027, 0.495
24.287, -0.010, -0.027, 0.495
24.304, -0.010, -0.029, 0.494
24.320, -0.010, -0.030, 0.494
24.337, -0.010, -0.030, 0.494
24.353, -0.010, -0.031, 0.494
24.370, -0.010, -0.033, 0.494
24.387, -0.010, -0.033, 0.494
24.404, -0.010, -0.035, 0.493
24.420, -0.010, -0.035, 0.493
24.437, -0.010, -0.036, 0.493
24.453, -0.010, -0.037, 0.493
24.470, -0.009, -0.038, 0.493
24.487, -0.009, -0.038, 0.493
24.504, -0.009, -0.039, 0.493
24.520, -0.009, -0.040, 0.493
24.537, -0.008, -0.040, 0.493
24.553, -0.008, -0.041, 0.492
24.570, -0.007, -0.042, 0.493
24.587, -0.007, -0.042, 0.493
24.604, -0.007, -0.043, 0.493
24.620, -0.007, -0.043, 0.493
24.637, -0.006, -0.043, 0.493
24.653, -0.006, -0.043, 0.493
24.670, -0.005, -0.044, 0.494
24.687, -0.005, -0.044, 0.494
24.704, -0.004, -0.043, 0.495
24.720, -0.004, -0.043, 0.495
24.737, -0.004, -0.043, 0.495
24.753, -0.003, -0.043, 0.496
24.770, -0.003, -0.042, 0.496
24.787, -0.002, -0.042, 0.497
24.804, -0.001, -0.042, 0.498
24.820, -0.001, -0.041, 0.498
24.837, -0.001, -0.041, 0.498
24.853, 0.000, -0.040, 0.499
24.870, 0.001, -0.039, 0.500
24.887, 0.001, -0.039, 0.501
24.904, 0.002, -0.037, 0.502
24.920, 0.002, -0.036, 0.503
24.937, 0.003, -0.036, 0.503
24.953, 0.003, -0.035, 0.504
24.970, 0.004, -0.033, 0.506
24.987, 0.005, -0.031, 0.507
25.004, 0.005, -0.030, 0.508
25.020, 0.006, -0.029, 0.509
25.037, 0.006, -0.028, 0.509
25.053, 0.006, -0.027, 0.511
25.070, 0.007, -0.024, 0.512
25.087, 0.007, -0.023, 0.513
25.104, 0.008, -0.021, 0.515
25.120, 0.009, -0.019, 0.516
25.137, 0.009, -0.019, 0.516
25.153, 0.009, -0.017, 0.518
25.170, 0.010, -0.015, 0.519
25.187, 0.010, -0.014, 0.520
25.204, 0.010, -0.011, 0.522
25.220, 0.011, -0.010, 0.523
25.237, 0.011, -0.009, 0.524
25.253, 0.011, -0.007, 0.525
25.270, 0.011, -0.005, 0.526
25.287, 0.011, -0.004, 0.527
25.304, 0.011, -0.002, 0.528
25.320, 0.011, -0.001, 0.529
25.337, 0.011, -0.000, 0.529
25.353, 0.011, 0.001, 0.530
25.370, 0.011, 0.003, 0.531
25.387, 0.011, 0.003, 0.532
25.404, 0.010, 0.004, 0.532
25.420, 0.010, 0.006, 0.533
25.437, 0.010, 0.006, 0.533
25.453, 0.009, 0.007, 0.534
25.470, 0.009, 0.008, 0.535
25.487, 0.008, 0.008, 0.535
25.504, 0.008, 0.009, 0.535
25.520, 0.007, 0.009, 0.535
25.537, 0.006, 0.009, 0.536
25.553, 0.006, 0.009, 0.536
25.570, 0.005, 0.010, 0.536
25.587, 0.004, 0.010, 0.536
25.604, 0.003, 0.010, 0.536
25.620, 0.002, 0.009, 0.536
25.637, 0.002, 0.009, 0.536
25.654, 0.001, 0.009, 0.537
25.670, -0.000, 0.008, 0.536
25.687, -0.000, 0.008, 0.537
25.704, -0.002, 0.007, 0.536
25.720, -0.003, 0.006, 0.536
25.737, -0.003, 0.006, 0.536
25.753, -0.004, 0.005, 0.536
25.770, -0.005, 0.004, 0.536
25.787, -0.005, 0.003, 0.536
25.804, -0.007, 0.001, 0.535
25.820, -0.008, 0.000, 0.535
25.837, -0.008, -0.000, 0.534
25.854, -0.009, -0.001, 0.534
25.870, -0.010, -0.004, 0.533
25.887, -0.010, -0.004, 0.533
25.903, -0.012, -0.006, 0.532
25.920, -0.012, -0.008, 0.532
25.937, -0.012, -0.008, 0.531
25.954, -0.013, -0.010, 0.531
25.970, -0.014, -0.012, 0.530
25.987, -0.014, -0.012, 0.530
26.004, -0.015, -0.015, 0.529
26.020, -0.016, -0.016, 0.529
26.037, -0.016, -0.017, 0.528
26.053, -0.016, -0.018, 0.528
26.070, -0.017, -0.020, 0.527
26.087, -0.017, -0.021, 0.526
26.103, -0.018, -0.023, 0.526
26.120, -0.018, -0.024, 0.525
26.137, -0.018, -0.024, 0.525
26.154, -0.019, -0.026, 0.524
26.170, -0.019, -0.027, 0.524
26.187, -0.019, -0.028, 0.523
26.203, -0.019, -0.029, 0.523
26.220, -0.019, -0.030, 0.522
26.237, -0.019, -0.031, 0.522
26.254, -0.019, -0.032, 0.522
26.270, -0.019, -0.033, 0.521
26.287, -0.019, -0.033, 0.521
26.303, -0.019, -0.034, 0.520
26.320, -0.019, -0.035, 0.519
26.337, -0.019, -0.035, 0.519
26.354, -0.018, -0.036, 0.518
26.370, -0.018, -0.036, 0.517
26.387, -0.018, -0.037, 0.517
26.403, -0.018, -0.037, 0.516
26.420, -0.017, -0.038, 0.516
26.437, -0.017, -0.038, 0.515
26.454, -0.017, -0.038, 0.515
26.470, -0.017, -0.039, 0.514
26.487, -0.016, -0.039, 0.514
26.503, -0.016, -0.039, 0.513
26.520, -0.016, -0.039, 0.513
26.537, -0.015, -0.039, 0.513
26.554, -0.015, -0.039, 0.512
26.570, -0.015, -0.039, 0.511
26.587, -0.014, -0.039, 0.511
26.603, -0.014, -0.039, 0.511
26.620, -0.014, -0.039, 0.510
26.637, -0.014, -0.039, 0.510
26.654, -0.013, -0.039, 0.510
26.670, -0.013, -0.039, 0.510
26.687, -0.013, -0.039, 0.509
26.703, -0.013, -0.038, 0.509
26.720, -0.012, -0.038, 0.509
26.737, -0.012, -0.038, 0.508
26.754, -0.012, -0.038, 0.508
26.770, -0.012, -0.037, 0.508
26.787, -0.012, -0.037, 0.508
26.803, -0.011, -0.037, 0.508
26.820, -0.011, -0.036, 0.507
26.837, -0.011, -0.036, 0.508
26.854, -0.011, -0.036, 0.507
26.870, -0.011, -0.035, 0.507
26.887, -0.011, -0.035, 0.507
26.903, -0.010, -0.035, 0.507
26.920, -0.010, -0.034, 0.507
26.937, -0.010, -0.034, 0.507
26.953, -0.010, -0.034, 0.507
26.970, -0.010, -0.033, 0.507
26.987, -0.010, -0.033, 0.507
27.003, -0.010, -0.033, 0.508
27.020, -0.009, -0.032, 0.507
27.037, -0.009, -0.032, 0.507
27.053, -0.009, -0.032, 0.508
27.070, -0.009, -0.031, 0.507
27.087, -0.009, -0.031, 0.508
27.103, -0.009, -0.030, 0.508
27.120, -0.009, -0.030, 0.508
27.137, -0.008, -0.029, 0.508
27.153, -0.008, -0.029, 0.508
27.170, -0.008, -0.029, 0.508
27.187, -0.008, -0.028, 0.508
27.203, -0.008, -0.028, 0.508
27.220, -0.008, -0.027, 0.508
27.237, -0.008, -0.027, 0.508
27.253, -0.008, -0.027, 0.508
27.270, -0.008, -0.026, 0.508
27.287, -0.007, -0.026, 0.508
27.303, -0.007, -0.025, 0.508
27.320, -0.007, -0.025, 0.508
27.337, -0.007, -0.025, 0.508
27.353, -0.007, -0.025, 0.508
27.370, -0.007, -0.024, 0.508
27.387, -0.007, -0.024, 0.508
27.404, -0.007, -0.024, 0.508
27.420, -0.007, -0.024, 0.508
27.437, -0.007, -0.023, 0.509
27.454, -0.007, -0.023, 0.508
27.470, -0.007, -0.023, 0.508
27.487, -0.007, -0.023, 0.508
27.504, -0.007, -0.022, 0.508
27.520, -0.006, -0.022, 0.509
27.537, -0.006, -0.022, 0.509
27.554, -0.007, -0.022, 0.508
27.570, -0.006, -0.022, 0.509
27.587, -0.006, -0.022, 0.509
27.604, -0.007, -0.022, 0.509
27.620, -0.007, -0.022, 0.509
27.637, -0.007, -0.022, 0.509
27.654, -0.007, -0.021, 0.509
27.670, -0.007, -0.021, 0.509
27.687, -0.007, -0.021, 0.509
27.704, -0.007, -0.021, 0.509
27.720, -0.007, -0.021, 0.509
27.737, -0.008, -0.021, 0.509
27.754, -0.008, -0.021, 0.509
27.770, -0.008, -0.021, 0.509
27.787, -0.008, -0.021, 0.509
27.804, -0.008, -0.021, 0.509
27.820, -0.009, -0.021, 0.509
27.837, -0.009, -0.021, 0.509
27.853, -0.009, -0.021, 0.509
27.870, -0.009, -0.021, 0.508
27.887, -0.009, -0.022, 0.508
27.904, -0.010, -0.022, 0.508
27.920, -0.010, -0.022, 0.508
27.937, -0.010, -0.022, 0.508
27.953, -0.010, -0.022, 0.508
27.970, -0.011, -0.023, 0.507
27.987, -0.011, -0.023, 0.507
28.003, -0.011, -0.023, 0.507
28.020, -0.011, -0.024, 0.506
28.037, -0.011, -0.024, 0.506
28.053, -0.011, -0.024, 0.506
28.070, -0.011, -0.025, 0.505
28.087, -0.011, -0.025, 0.505
28.104, -0.011, -0.026, 0.504
28.120, -0.011, -0.026, 0.504
28.137, -0.011, -0.027, 0.503
28.154, -0.012, -0.027, 0.503
28.170, -0.011, -0.028, 0.502
28.187, -0.011, -0.028, 0.502
28.204, -0.012, -0.029, 0.501
28.220, -0.011, -0.030, 0.500
28.237, -0.011, -0.030, 0.500
28.254, -0.011, -0.030, 0.499
28.270, -0.011, -0.031, 0.498
28.287, -0.011, -0.031, 0.498
28.303, -0.011, -0.032, 0.497
28.320, -0.011, -0.032, 0.496
28.337, -0.010, -0.033, 0.496
28.354, -0.010, -0.033, 0.495
28.370, -0.010, -0.033, 0.494
28.387, -0.010, -0.034, 0.494
28.404, -0.009, -0.034, 0.493
28.420, -0.009, -0.035, 0.493
28.437, -0.009, -0.035, 0.492
28.454, -0.009, -0.035, 0.492
28.470, -0.009, -0.035, 0.491
28.487, -0.008, -0.035, 0.490
28.504, -0.008, -0.035, 0.490
28.520, -0.008, -0.035, 0.489
28.537, -0.008, -0.036, 0.489
28.554, -0.007, -0.036, 0.489
28.570, -0.007, -0.036, 0.488
28.587, -0.007, -0.036, 0.488
28.604, -0.006, -0.036, 0.488
28.620, -0.006, -0.036, 0.488
28.637, -0.006, -0.036, 0.488
28.654, -0.005, -0.036, 0.487
28.670, -0.005, -0.036, 0.487
28.687, -0.005, -0.036, 0.487
28.703, -0.004, -0.036, 0.487
28.720, -0.004, -0.036, 0.487
28.737, -0.004, -0.036, 0.487
28.754, -0.004, -0.036, 0.487
28.770, -0.003, -0.035, 0.487
28.787, -0.003, -0.035, 0.487
28.803, -0.003, -0.035, 0.488
28.820, -0.002, -0.035, 0.488
28.837, -0.002, -0.035, 0.488
28.854, -0.002, -0.035, 0.488
28.870, -0.002, -0.035, 0.489
28.887, -0.002, -0.035, 0.489
28.903, -0.001, -0.035, 0.490
28.920, -0.001, -0.035, 0.490
28.937, -0.001, -0.034, 0.491
28.954, -0.001, -0.034, 0.491
28.970, -0.001, -0.034, 0.492
28.987, -0.001, -0.034, 0.492
29.003, -0.001, -0.034, 0.493
29.020, -0.001, -0.033, 0.494
29.037, -0.001, -0.033, 0.494
29.054, -0.002, -0.033, 0.494
29.070, -0.002, -0.033, 0.495
29.087, -0.002, -0.033, 0.496
29.103, -0.002, -0.032, 0.496
29.120, -0.002, -0.032, 0.497
29.137, -0.002, -0.032, 0.497
29.153, -0.002, -0.032, 0.498
29.170, -0.002, -0.031, 0.498
29.187, -0.003, -0.031, 0.499
29.203, -0.003, -0.031, 0.499
29.220, -0.003, -0.031, 0.499
29.237, -0.003, -0.031, 0.499
29.254, -0.003, -0.030, 0.500
29.270, -0.003, -0.030, 0.500
29.287, -0.004, -0.030, 0.500
29.303, -0.004, -0.030, 0.501
29.320, -0.004, -0.029, 0.501
29.337, -0.004, -0.029, 0.501
29.354, -0.004, -0.029, 0.501
29.370, -0.005, -0.029, 0.502
29.387, -0.005, -0.028, 0.502
29.404, -0.005, -0.028, 0.502
29.420, -0.005, -0.028, 0.502
29.437, -0.005, -0.028, 0.502
29.453, -0.005, -0.027, 0.502
29.470, -0.005, -0.027, 0.503
29.487, -0.005, -0.027, 0.503
29.504, -0.005, -0.027, 0.503
29.520, -0.006, -0.026, 0.503
29.537, -0.005, -0.026, 0.503
29.554, -0.005, -0.026, 0.504
29.570, -0.005, -0.026, 0.504
29.587, -0.005, -0.026, 0.504
29.604, -0.005, -0.025, 0.504
29.620, -0.005, -0.025, 0.504
29.637, -0.005, -0.025, 0.505
29.653, -0.005, -0.025, 0.505
29.670, -0.004, -0.024, 0.505
29.687, -0.004, -0.024, 0.505
29.704, -0.004, -0.024, 0.505
29.720, -0.003, -0.024, 0.505
29.737, -0.003, -0.024, 0.505
29.754, -0.003, -0.024, 0.505
29.770, -0.002, -0.024, 0.505
29.787, -0.002, -0.024, 0.505
29.803, -0.001, -0.024, 0.505
29.820, -0.000, -0.023, 0.506
29.837, 0.000, -0.024, 0.506
29.853, 0.000, -0.023, 0.505
29.870, 0.001, -0.024, 0.506
29.887, 0.002, -0.024, 0.505
29.904, 0.003, -0.024, 0.506
29.920, 0.003, -0.024, 0.505
29.937, 0.004, -0.024, 0.505
29.953, 0.004, -0.024, 0.505
29.970, 0.005, -0.025, 0.505
29.987, 0.006, -0.025, 0.505
30.004, 0.007, -0.025, 0.505
30.020, 0.008, -0.025, 0.504
30.037, 0.008, -0.026, 0.504
30.053, 0.009, -0.026, 0.504
30.070, 0.010, -0.027, 0.503
30.087, 0.010, -0.027, 0.503
30.104, 0.012, -0.028, 0.502
30.120, 0.012, -0.029, 0.501
30.137, 0.013, -0.029, 0.501
30.154, 0.014, -0.030, 0.500
30.170, 0.015, -0.030, 0.497
30.187, 0.016, -0.031, 0.495
30.204, 0.016, -0.032, 0.491
30.220, 0.017, -0.033, 0.485
30.237, 0.018, -0.033, 0.482
30.254, 0.019, -0.034, 0.474
30.270, 0.020, -0.036, 0.459
30.287, 0.021, -0.036, 0.453
30.304, 0.023, -0.038, 0.433
30.320, 0.025, -0.039, 0.417
30.337, 0.025, -0.040, 0.408
30.354, 0.027, -0.041, 0.390
30.370, 0.030, -0.043, 0.357
30.387, 0.031, -0.044, 0.345
30.404, 0.035, -0.046, 0.305
30.420, 0.037, -0.048, 0.277
30.437, 0.039, -0.049, 0.262
30.454, 0.042, -0.050, 0.229
30.470, 0.046, -0.052, 0.176
30.487, 0.048, -0.053, 0.157
30.504, 0.053, -0.055, 0.097
30.520, 0.056, -0.056, 0.055
30.537, 0.033, -0.067, 0.038
30.554, 0.025, -0.068, 0.041
30.570, 0.002, -0.072, 0.052
30.587, -0.005, -0.073, 0.053
30.604, -0.024, -0.078, 0.057
30.620, -0.036, -0.081, 0.057
30.637, -0.042, -0.083, 0.055
30.654, -0.055, -0.087, 0.051
30.670, -0.076, -0.091, 0.040
30.687, -0.083, -0.093, 0.036
30.704, -0.086, -0.093, 0.036
30.720, -0.084, -0.091, 0.038
30.737, -0.083, -0.090, 0.037
30.754, -0.082, -0.089, 0.034
30.770, -0.083, -0.089, 0.034
30.787, -0.083, -0.088, 0.034
30.804, -0.083, -0.088, 0.033
30.820, -0.083, -0.088, 0.033
30.837, -0.083, -0.088, 0.033
30.854, -0.083, -0.088, 0.033
30.870, -0.083, -0.088, 0.033
30.887, -0.083, -0.088, 0.033
30.903, -0.083, -0.088, 0.033
30.920, -0.083, -0.088, 0.033
30.937, -0.083, -0.088, 0.033
30.954, -0.083, -0.088, 0.033
30.970, -0.083, -0.088, 0.033
30.987, -0.083, -0.088, 0.033
31.003, -0.083, -0.088, 0.033
31.020, -0.083, -0.088, 0.033
31.037, -0.083, -0.088, 0.033
31.054, -0.083, -0.088, 0.033
31.070, -0.083, -0.088, 0.033
31.087, -0.083, -0.088, 0.033
31.103, -0.083, -0.088, 0.033
31.120, -0.083, -0.088, 0.033
31.137, -0.083, -0.088, 0.033
31.154, -0.083, -0.088, 0.033
31.170, -0.083, -0.088, 0.033
31.187, -0.083, -0.088, 0.033
31.203, -0.083, -0.088, 0.033
31.220, -0.083, -0.088, 0.033
31.237, -0.083, -0.088, 0.033
31.254, -0.083, -0.088, 0.033
31.270, -0.083, -0.088, 0.033
31.287, -0.083, -0.088, 0.033
31.303, -0.083, -0.088, 0.033
31.320, -0.083, -0.088, 0.033
31.337, -0.083, -0.088, 0.033
31.354, -0.083, -0.088, 0.033
31.370, -0.083, -0.088, 0.033
31.387, -0.083, -0.088, 0.033
31.403, -0.083, -0.088, 0.032
31.420, -0.083, -0.088, 0.033
31.437, -0.083, -0.088, 0.033
31.454, -0.083, -0.088, 0.033
31.470, -0.083, -0.088, 0.033
31.487, -0.083, -0.088, 0.033
31.503, -0.083, -0.088, 0.033
31.520, -0.083, -0.088, 0.033
31.537, -0.083, -0.088, 0.033
31.554, -0.083, -0.088, 0.033
31.570, -0.083, -0.088, 0.033
31.587, -0.083, -0.088, 0.032
31.603, -0.083, -0.088, 0.033
31.620, -0.083, -0.088, 0.033
31.637, -0.083, -0.088, 0.033
31.654, -0.083, -0.088, 0.033
31.670, -0.083, -0.088, 0.033
31.687, -0.083, -0.088, 0.033
31.704, -0.083, -0.088, 0.033
31.720, -0.083, -0.088, 0.033
31.737, -0.083, -0.088, 0.033
31.754, -0.083, -0.088, 0.033
31.770, -0.083, -0.088, 0.033
31.787, -0.083, -0.088, 0.033
31.804, -0.083, -0.088, 0.033
31.820, -0.083, -0.088, 0.033
31.837, -0.083, -0.088, 0.033
31.853, -0.083, -0.088, 0.032
31.870, -0.083, -0.088, 0.033
31.887, -0.083, -0.088, 0.033
31.904, -0.083, -0.088, 0.033
31.920, -0.083, -0.088, 0.033
31.937, -0.083, -0.088, 0.033
31.954, -0.083, -0.088, 0.033
31.970, -0.083, -0.088, 0.033
31.987, -0.083, -0.088, 0.033
32.004, -0.083, -0.088, 0.033
32.020, -0.083, -0.088, 0.033
32.037, -0.083, -0.088, 0.033
32.054, -0.083, -0.088, 0.033
32.070, -0.083, -0.088, 0.033
32.087, -0.083, -0.088, 0.033
32.104, -0.083, -0.088, 0.033
32.120, -0.083, -0.088, 0.033
32.137, -0.083, -0.088, 0.033
32.153, -0.083, -0.088, 0.033
32.170, -0.083, -0.088, 0.033
32.187, -0.083, -0.088, 0.033
32.204, -0.083, -0.088, 0.033
32.220, -0.083, -0.088, 0.033
32.237, -0.083, -0.088, 0.033
32.253, -0.083, -0.088, 0.033
32.270, -0.083, -0.088, 0.033
32.287, -0.083, -0.088, 0.033
32.304, -0.083, -0.088, 0.033
32.320, -0.083, -0.088, 0.033
32.337, -0.083, -0.088, 0.033
32.353, -0.083, -0.088, 0.033
32.370, -0.083, -0.088, 0.033
32.387, -0.083, -0.088, 0.033
32.404, -0.083, -0.088, 0.033
32.420, -0.083, -0.088, 0.033
32.437, -0.083, -0.088, 0.033
32.454, -0.083, -0.088, 0.033
32.470, -0.083, -0.088, 0.033
32.487, -0.083, -0.088, 0.033
32.504, -0.083, -0.088, 0.033
32.520, -0.083, -0.088, 0.033
32.537, -0.083, -0.088, 0.033
32.554, -0.083, -0.088, 0.033
32.570, -0.083, -0.088, 0.033
32.587, -0.083, -0.088, 0.033
32.604, -0.083, -0.088, 0.033
32.620, -0.083, -0.088, 0.033
32.637, -0.083, -0.088, 0.033
32.654, -0.083, -0.088, 0.033
32.670, -0.083, -0.088, 0.033
32.687, -0.083, -0.088, 0.033
32.703, -0.083, -0.088, 0.033
32.720, -0.083, -0.088, 0.033
32.737, -0.083, -0.088, 0.033
32.753, -0.083, -0.088, 0.033
32.770, -0.083, -0.088, 0.033
32.787, -0.083, -0.088, 0.033
32.804, -0.083, -0.088, 0.033
32.820, -0.083, -0.088, 0.033
32.837, -0.083, -0.088, 0.033
32.854, -0.083, -0.088, 0.033
32.870, -0.083, -0.088, 0.033
32.887, -0.083, -0.088, 0.033
32.904, -0.083, -0.088, 0.033
32.920, -0.083, -0.088, 0.033
